"playerNr","groupNr","subjectNr","period","check","prolificID","orderEnvs1","orderEnvs2","orderEnvs3","counter1","counter2","counter3","orderRounds","thisRound","treatment","gemPresent","socialInfo","points","refreshTaskCount","clickedCells","totalPoints","thisEnv","consent","rnd_decI","counterEnv1ng","qR1","qR2","qR3","newvar","goal","strategy","general","partA","remarks","age","gender","time_check","time_welcome","time_consent","time_i1","time_i2","time_i3","time_i4","time_i5","time_i6","time_i7","time_i8","time_i9","time_i10","time_iend","time_quiz","time_play.(old)","time_play","time_break","time_Questionnaire","time_end","time_376482"
1,0,0,1,"esuoh",0,NA,NA,NA,NA,NA,NA,"1899,343,921,1244,1639,1625,2195,254,1650,332,376,1912",1899,0,0,"8,57,64,1,37,36,28,29,43,44,35,52,45,45,45,48,31,31,36,36,36,36,36,36,36","9,-48,33,11,44,43,44,17,43,12,20,34,40,36,4,-4,-6,52,49,50,49,51,49,48,50",1,"12,19,38,38,38,38,38,38,38,38,38,38,38,38,38,38,28,29,29,29,29,29,29,29,29",730,5,0,3,0,3,2,2,2,NA,NA,NA,NA,NA,NA,NA,49,15,16,74,28,11,15,13,8,19,12,14,8,298,35,NA,NA,NA,NA,NA,NA
1,NA,NA,2,NA,NA,NA,NA,NA,NA,NA,NA,NA,343,NA,1,"28,64,40,41,13,8,40,40,40,40,40,40,25,51,44,58,57,57,57,57,57,57,57,57,58","-22,-38,-4,-15,-8,25,15,31,26,18,34,31,9,-3,51,49,56,52,254,250,265,263,252,242,246",NA,"27,37,62,7,3,11,11,11,11,11,11,11,11,11,25,25,25,25,58,58,58,58,58,58,58",2079,3,NA,NA,NA,NA,NA,NA,NA,NA,NA,NA,NA,NA,NA,NA,NA,NA,NA,NA,NA,NA,NA,NA,NA,NA,NA,NA,NA,NA,NA,NA,NA,NA,NA,NA,NA
1,NA,NA,3,NA,NA,NA,NA,NA,NA,NA,NA,NA,921,NA,0,"61,27,31,38,39,47,14,11,11,11,11,11,11,11,11,11,11,11,11,11,11,11,11,11,11","30,33,-37,38,47,28,34,47,51,33,51,26,21,40,39,45,34,33,53,25,49,51,49,50,51",NA,"50,50,28,50,50,50,50,50,50,50,50,50,50,50,50,50,50,50,12,12,2,2,2,2,2",921,1,NA,NA,NA,NA,NA,NA,NA,NA,NA,NA,NA,NA,NA,NA,NA,NA,NA,NA,NA,NA,NA,NA,NA,NA,NA,NA,NA,NA,NA,NA,NA,NA,NA,NA,NA
1,NA,NA,4,NA,NA,NA,NA,NA,NA,NA,NA,NA,1244,NA,1,"27,4,39,49,49,49,49,49,49,49,49,49,14,17,53,7,53,53,53,49,49,49,49,49,49","17,31,20,19,23,31,27,43,31,-49,-8,24,24,39,-6,26,44,27,31,26,33,25,28,50,46",NA,"39,27,4,27,49,49,49,49,49,60,44,49,49,49,14,17,53,53,53,53,53,53,53,49,49",602,8,NA,NA,NA,NA,NA,NA,NA,NA,NA,NA,NA,NA,NA,NA,NA,NA,NA,NA,NA,NA,NA,NA,NA,NA,NA,NA,NA,NA,NA,NA,NA,NA,NA,NA,NA
1,NA,NA,5,NA,NA,NA,NA,NA,NA,NA,NA,NA,1639,NA,1,"16,41,5,9,9,9,9,9,9,16,16,16,16,16,16,45,20,1,7,16,16,39,60,35,16","4,56,62,43,38,43,37,42,44,61,41,51,39,58,42,58,38,51,52,45,56,61,57,44,37",NA,"30,27,27,27,27,27,27,27,27,27,27,27,27,27,27,27,27,27,27,27,27,27,27,27,27",1160,9,NA,NA,NA,NA,NA,NA,NA,NA,NA,NA,NA,NA,NA,NA,NA,NA,NA,NA,NA,NA,NA,NA,NA,NA,NA,NA,NA,NA,NA,NA,NA,NA,NA,NA,NA
1,NA,NA,6,NA,NA,NA,NA,NA,NA,NA,NA,NA,1625,NA,1,"11,34,54,44,22,20,20,20,20,20,20,20,20,20,20,20,20,20,20,20,20,20,20,20,20","26,22,246,267,271,253,265,250,245,258,254,260,265,269,246,268,257,263,251,271,264,243,248,255,245",NA,"29,27,21,21,21,21,21,21,21,21,21,21,21,21,21,21,21,21,21,21,21,21,21,21,21",5962,6,NA,NA,NA,NA,NA,NA,NA,NA,NA,NA,NA,NA,NA,NA,NA,NA,NA,NA,NA,NA,NA,NA,NA,NA,NA,NA,NA,NA,NA,NA,NA,NA,NA,NA,NA
1,NA,NA,7,NA,NA,NA,NA,NA,NA,NA,NA,NA,2195,NA,0,"64,57,8,8,8,21,21,21,21,21,21,21,18,18,18,18,18,21,21,21,21,21,21,21,21","-1,-20,55,14,48,20,45,45,56,54,45,29,19,36,31,28,22,31,49,22,36,55,48,13,40",NA,"28,1,42,42,42,42,42,42,42,42,42,42,42,42,42,42,42,42,42,42,42,42,42,42,42",820,2,NA,NA,NA,NA,NA,NA,NA,NA,NA,NA,NA,NA,NA,NA,NA,NA,NA,NA,NA,NA,NA,NA,NA,NA,NA,NA,NA,NA,NA,NA,NA,5,NA,NA,NA
1,NA,NA,8,NA,NA,NA,NA,NA,NA,NA,NA,NA,254,NA,0,"31,29,44,44,44,44,47,47,6,19,19,19,19,44,44,44,44,44,44,44,44,44,44,44,44","-20,-21,-16,42,0,21,3,37,35,34,36,36,37,38,36,35,34,37,35,34,36,37,34,36,34",NA,"38,34,32,60,60,60,60,58,58,58,58,58,58,58,58,58,58,58,58,58,58,58,58,58,58",650,3,NA,NA,NA,NA,NA,NA,NA,NA,NA,NA,NA,NA,NA,NA,NA,NA,NA,NA,NA,NA,NA,NA,NA,NA,NA,NA,NA,NA,NA,NA,NA,NA,NA,NA,NA
1,NA,NA,9,NA,NA,NA,NA,NA,NA,NA,NA,NA,1650,NA,1,"22,35,37,52,19,34,34,34,34,34,34,34,34,34,34,34,34,34,34,34,34,34,34,34,34","49,51,49,49,49,51,50,50,51,49,49,50,51,49,51,50,49,48,49,51,48,48,52,48,51",NA,"35,35,35,35,35,35,35,35,35,35,35,35,35,35,35,35,35,35,35,35,35,35,35,35,35",1242,2,NA,NA,NA,NA,NA,NA,NA,NA,NA,NA,NA,NA,NA,NA,NA,NA,NA,NA,NA,NA,NA,NA,NA,NA,NA,NA,NA,NA,NA,NA,NA,NA,NA,NA,NA
1,NA,NA,10,NA,NA,NA,NA,NA,NA,NA,NA,NA,332,NA,1,"28,14,10,10,10,10,10,10,53,30,43,26,26,12,63,63,63,63,63,63,63,63,63,63,63","23,-16,-8,50,40,26,17,17,16,37,34,13,28,49,55,49,54,43,19,21,31,35,35,53,32",NA,"28,12,44,46,46,46,46,46,46,46,46,46,46,46,46,46,46,46,46,46,46,46,46,46,46",753,5,NA,NA,NA,NA,NA,NA,NA,NA,NA,NA,NA,NA,NA,NA,NA,NA,NA,NA,NA,NA,NA,NA,NA,NA,NA,NA,NA,NA,NA,NA,NA,NA,NA,NA,NA
1,NA,NA,11,NA,NA,NA,NA,NA,NA,NA,NA,NA,376,NA,1,"30,30,30,30,30,30,28,19,19,19,35,36,36,36,36,36,36,36,36,36,36,36,36,36,36","24,-12,-8,-54,-37,-22,-22,-43,9,-22,34,24,29,33,10,28,21,34,36,28,31,33,16,12,8",NA,"32,25,34,36,28,30,29,53,52,51,32,32,32,32,32,32,32,32,32,32,32,32,32,32,32",190,4,NA,NA,NA,NA,NA,NA,NA,NA,NA,NA,NA,NA,NA,NA,NA,NA,NA,NA,NA,NA,NA,NA,NA,NA,NA,NA,NA,NA,NA,NA,NA,NA,NA,NA,NA
1,NA,NA,12,NA,NA,NA,NA,NA,NA,NA,NA,NA,1912,NA,1,"45,54,46,47,48,55,39,38,30,37,53,61,52,60,60,60,60,60,60,60,60,60,60,60,60","-54,-19,54,73,67,28,74,55,56,47,41,58,50,61,66,69,61,67,39,46,58,68,57,47,33",NA,"29,35,52,52,52,52,52,52,52,52,52,52,52,52,52,52,52,52,52,52,52,52,52,52,52",1202,7,NA,NA,NA,NA,NA,NA,NA,NA,NA,NA,NA,NA,NA,NA,NA,NA,NA,NA,NA,NA,NA,NA,NA,NA,NA,NA,NA,NA,NA,NA,NA,NA,NA,NA,NA
3,0,0,1,"esuoh",0,NA,NA,NA,NA,NA,NA,"504,335,1899,2195,868,468,795,1625,1177,332,254,800",504,0,1,"28,36,29,37,11,51,51,51,51,51,51,51,51,51,51,51,51,51,51,51,51,51,51,51,51","-11,-9,15,28,20,-16,11,51,-34,-8,-15,-30,-10,261,-48,-26,-22,-50,-51,-50,6,1,-8,-3,37",0,"29,29,42,54,11,15,15,52,57,57,57,57,57,40,26,26,26,20,20,20,22,38,36,36,55",39,2,0,10,0,3,2,2,2,NA,NA,NA,NA,NA,NA,NA,13,39,35,42,70,10,13,14,10,16,23,27,36,78,34,NA,NA,NA,NA,NA,NA
3,NA,NA,2,NA,NA,NA,NA,NA,NA,NA,NA,NA,335,NA,1,"28,50,30,53,51,45,21,17,35,55,60,60,60,60,60,60,60,60,60,60,60,60,60,60,60","-15,-48,-28,-55,-50,-60,9,-35,-40,-31,-49,30,-17,-12,37,-60,-57,56,-8,269,250,252,259,269,258",NA,"29,29,29,29,29,36,45,21,21,19,30,50,56,56,25,10,10,15,39,60,60,60,60,60,60",1124,7,NA,NA,NA,NA,NA,NA,NA,NA,NA,NA,NA,NA,NA,NA,NA,NA,NA,NA,NA,NA,NA,NA,NA,NA,NA,NA,NA,NA,NA,NA,NA,NA,NA,NA,NA
3,NA,NA,3,NA,NA,NA,NA,NA,NA,NA,NA,NA,1899,NA,0,"8,57,64,1,37,36,28,29,43,44,35,52,45,45,45,48,31,31,36,36,36,36,36,36,36","34,39,28,35,29,-16,31,36,37,-20,9,45,37,61,63,45,33,67,41,60,44,50,63,55,36",NA,"27,27,27,27,27,38,43,29,22,10,45,32,32,32,32,32,32,32,32,32,37,37,32,32,32",942,5,NA,NA,NA,NA,NA,NA,NA,NA,NA,NA,NA,NA,NA,NA,NA,NA,NA,NA,NA,NA,NA,NA,NA,NA,NA,NA,NA,NA,NA,NA,NA,NA,NA,NA,NA
3,NA,NA,4,NA,NA,NA,NA,NA,NA,NA,NA,NA,2195,NA,0,"64,57,8,8,8,21,21,21,21,21,21,21,18,18,18,18,18,21,21,21,21,21,21,21,21","69,58,47,60,43,30,54,50,61,58,61,9,35,0,2,2,33,68,40,59,47,-8,-23,63,47",NA,"26,26,26,26,26,26,22,22,20,20,20,38,44,32,19,19,42,20,20,20,20,13,10,20,20",965,2,NA,NA,NA,NA,NA,NA,NA,NA,NA,NA,NA,NA,NA,NA,NA,NA,NA,NA,NA,NA,NA,NA,NA,NA,NA,NA,NA,NA,NA,NA,NA,NA,NA,NA,NA
3,NA,NA,5,NA,NA,NA,NA,NA,NA,NA,NA,NA,868,NA,1,"31,27,38,14,9,41,41,41,41,62,58,9,9,9,9,9,9,9,9,9,9,9,9,9,9","0,36,28,7,-37,44,12,-30,-36,40,71,44,65,34,31,43,54,44,33,25,37,37,37,72,40",NA,"27,23,13,39,28,10,44,42,54,10,10,10,10,10,10,10,10,10,10,10,23,23,23,10,10",731,4,NA,NA,NA,NA,NA,NA,NA,NA,NA,NA,NA,NA,NA,NA,NA,NA,NA,NA,NA,NA,NA,NA,NA,NA,NA,NA,NA,NA,NA,NA,NA,NA,NA,NA,NA
3,NA,NA,6,NA,NA,NA,NA,NA,NA,NA,NA,NA,468,NA,1,"6,54,46,45,28,28,28,51,28,28,25,41,35,34,42,42,42,42,28,28,28,28,28,42,42","-2,63,27,65,49,48,58,33,59,47,49,44,35,35,14,49,53,74,58,28,30,53,75,63,47",NA,"30,42,42,42,42,42,42,42,42,42,28,28,10,10,53,42,42,42,42,42,42,42,42,42,42",1154,9,NA,NA,NA,NA,NA,NA,NA,NA,NA,NA,NA,NA,NA,NA,NA,NA,NA,NA,NA,NA,NA,NA,NA,NA,NA,NA,NA,NA,NA,NA,NA,NA,NA,NA,NA
3,NA,NA,7,NA,NA,NA,NA,NA,NA,NA,NA,NA,795,NA,1,"27,27,27,27,27,27,27,27,27,27,22,30,46,46,22,45,45,45,45,45,45,45,45,45,45","49,24,13,-20,-59,-13,36,37,-25,20,68,58,54,47,58,58,57,33,45,36,46,41,45,59,44",NA,"23,50,17,38,28,55,59,11,13,34,23,23,23,23,23,23,23,23,23,23,23,23,23,23,23",811,3,NA,NA,NA,NA,NA,NA,NA,NA,NA,NA,NA,NA,NA,NA,NA,NA,NA,NA,NA,NA,NA,NA,NA,NA,NA,NA,NA,NA,NA,NA,NA,2,NA,NA,NA
3,NA,NA,8,NA,NA,NA,NA,NA,NA,NA,NA,NA,1625,NA,1,"11,34,54,44,22,20,20,20,20,20,20,20,20,20,20,20,20,20,20,20,20,20,20,20,20","9,22,-23,-54,-16,22,28,259,249,256,252,271,247,249,244,270,248,266,269,262,271,242,244,245,263",NA,"32,35,10,52,15,23,23,21,21,21,21,21,21,21,21,21,21,21,21,21,21,21,21,21,21",4595,6,NA,NA,NA,NA,NA,NA,NA,NA,NA,NA,NA,NA,NA,NA,NA,NA,NA,NA,NA,NA,NA,NA,NA,NA,NA,NA,NA,NA,NA,NA,NA,NA,NA,NA,NA
3,NA,NA,9,NA,NA,NA,NA,NA,NA,NA,NA,NA,1177,NA,1,"63,63,22,22,44,35,58,54,54,54,54,54,37,38,38,38,38,38,38,48,20,19,27,27,27","2,-2,37,1,12,-6,-20,24,-13,-2,34,34,36,-24,-22,65,37,45,47,44,56,49,64,36,64",NA,"30,43,63,18,22,44,20,49,25,24,54,54,63,48,37,38,38,38,38,38,38,38,38,38,38",598,8,NA,NA,NA,NA,NA,NA,NA,NA,NA,NA,NA,NA,NA,NA,NA,NA,NA,NA,NA,NA,NA,NA,NA,NA,NA,NA,NA,NA,NA,NA,NA,NA,NA,NA,NA
3,NA,NA,10,NA,NA,NA,NA,NA,NA,NA,NA,NA,332,NA,1,"28,14,10,10,10,10,10,10,53,30,43,26,26,12,63,63,63,63,63,63,63,63,63,63,63","-4,-10,45,56,41,64,49,59,38,54,57,48,51,41,58,48,60,50,50,49,57,40,43,51,59",NA,"22,35,11,11,11,11,11,11,11,11,11,11,11,11,11,11,11,64,64,64,11,11,11,11,11",1154,5,NA,NA,NA,NA,NA,NA,NA,NA,NA,NA,NA,NA,NA,NA,NA,NA,NA,NA,NA,NA,NA,NA,NA,NA,NA,NA,NA,NA,NA,NA,NA,NA,NA,NA,NA
3,NA,NA,11,NA,NA,NA,NA,NA,NA,NA,NA,NA,254,NA,0,"31,29,44,44,44,44,47,47,6,19,19,19,19,44,44,44,44,44,44,44,44,44,44,44,44","36,-25,-6,23,34,50,37,39,5,38,33,43,26,14,-53,39,39,42,44,47,62,40,60,47,43",NA,"39,18,51,36,45,45,39,45,48,45,13,13,13,20,23,45,45,39,39,39,39,39,39,39,39",757,3,NA,NA,NA,NA,NA,NA,NA,NA,NA,NA,NA,NA,NA,NA,NA,NA,NA,NA,NA,NA,NA,NA,NA,NA,NA,NA,NA,NA,NA,NA,NA,NA,NA,NA,NA
3,NA,NA,12,NA,NA,NA,NA,NA,NA,NA,NA,NA,800,NA,0,"36,35,34,11,11,11,11,11,11,11,11,11,11,11,11,11,11,11,11,11,11,11,11,11,11","51,50,9,-74,56,25,24,61,27,49,54,64,35,28,49,51,51,-43,-28,-11,34,25,52,48,49",NA,"49,49,9,55,23,23,23,12,12,12,12,12,12,12,49,49,49,35,61,29,16,8,49,49,49",736,1,NA,NA,NA,NA,NA,NA,NA,NA,NA,NA,NA,NA,NA,NA,NA,NA,NA,NA,NA,NA,NA,NA,NA,NA,NA,NA,NA,NA,NA,NA,NA,NA,NA,NA,NA
4,0,0,1,"esuoh",0,NA,NA,NA,NA,NA,NA,"1599,1639,335,376,1899,1650,1434,905,838,1177,921,343",1599,0,0,"22,35,45,19,15,50,51,43,34,25,34,34,34,34,34,34,34,34,34,34,34,34,34,34,34","-21,-58,23,20,35,-26,-7,-52,-45,43,-20,-27,58,14,46,21,8,-20,-46,-8,-49,13,-25,30,19",0,"26,23,36,46,20,16,51,52,44,35,26,32,35,42,60,63,48,38,14,10,57,5,15,47,64",-74,3,0,7,0,3,2,2,2,NA,NA,NA,NA,NA,NA,NA,13,8,23,24,20,9,13,10,3,18,10,17,12,14,34,NA,NA,NA,NA,NA,NA
4,NA,NA,2,NA,NA,NA,NA,NA,NA,NA,NA,NA,1639,NA,1,"16,41,5,9,9,9,9,9,9,16,16,16,16,16,16,45,20,1,7,16,16,39,60,35,16","-32,35,33,41,57,35,-14,-52,-21,-20,6,52,-25,-8,-54,-70,19,-1,23,-21,-34,50,47,-45,30",NA,"1,10,19,28,37,46,55,64,8,15,22,29,36,43,50,57,53,45,20,2,7,16,24,32,31",31,9,NA,NA,NA,NA,NA,NA,NA,NA,NA,NA,NA,NA,NA,NA,NA,NA,NA,NA,NA,NA,NA,NA,NA,NA,NA,NA,NA,NA,NA,NA,NA,NA,NA,NA,NA
4,NA,NA,3,NA,NA,NA,NA,NA,NA,NA,NA,NA,335,NA,1,"28,50,30,53,51,45,21,17,35,55,60,60,60,60,60,60,60,60,60,60,60,60,60,60,60","59,-13,51,-14,18,-52,-22,22,49,44,-37,-50,13,251,-61,21,21,9,-9,-31,-53,-29,14,-22,-5",NA,"2,11,20,29,38,43,54,63,40,16,14,27,42,60,58,33,17,18,19,21,22,31,47,56,45",174,7,NA,NA,NA,NA,NA,NA,NA,NA,NA,NA,NA,NA,NA,NA,NA,NA,NA,NA,NA,NA,NA,NA,NA,NA,NA,NA,NA,NA,NA,NA,NA,NA,NA,NA,NA
4,NA,NA,4,NA,NA,NA,NA,NA,NA,NA,NA,NA,376,NA,1,"30,30,30,30,30,30,28,19,19,19,35,36,36,36,36,36,36,36,36,36,36,36,36,36,36","-46,-30,8,-34,57,-32,34,15,7,6,-39,8,-25,-50,53,4,50,50,-30,36,-54,-23,248,25,45",NA,"17,26,19,28,21,30,23,32,39,46,53,52,43,50,59,62,63,64,48,16,8,6,22,13,12",283,4,NA,NA,NA,NA,NA,NA,NA,NA,NA,NA,NA,NA,NA,NA,NA,NA,NA,NA,NA,NA,NA,NA,NA,NA,NA,NA,NA,NA,NA,NA,NA,NA,NA,NA,NA
4,NA,NA,5,NA,NA,NA,NA,NA,NA,NA,NA,NA,1899,NA,0,"8,57,64,1,37,36,28,29,43,44,35,52,45,45,45,48,31,31,36,36,36,36,36,36,36","-31,29,50,-31,22,-27,-45,-10,-4,21,32,44,1,-34,-6,-33,41,52,32,-57,37,46,57,22,8",NA,"51,36,21,6,23,40,54,60,25,1,11,27,49,58,38,30,32,8,15,14,22,4,12,28,45",216,5,NA,NA,NA,NA,NA,NA,NA,NA,NA,NA,NA,NA,NA,NA,NA,NA,NA,NA,NA,NA,NA,NA,NA,NA,NA,NA,NA,NA,NA,NA,NA,NA,NA,NA,NA
4,NA,NA,6,NA,NA,NA,NA,NA,NA,NA,NA,NA,1650,NA,1,"22,35,37,52,19,34,34,34,34,34,34,34,34,34,34,34,34,34,34,34,34,34,34,34,34","30,51,-45,38,44,14,-49,-36,49,-7,52,-16,-43,37,58,-40,16,-52,-53,44,16,-13,-30,-20,14",NA,"33,35,37,39,24,22,20,18,1,3,5,7,56,54,52,50,59,44,62,48,14,29,43,57,17",59,2,NA,NA,NA,NA,NA,NA,NA,NA,NA,NA,NA,NA,NA,NA,NA,NA,NA,NA,NA,NA,NA,NA,NA,NA,NA,NA,NA,NA,NA,NA,NA,NA,NA,NA,NA
4,NA,NA,7,NA,NA,NA,NA,NA,NA,NA,NA,NA,1434,NA,1,"17,59,39,28,22,6,2,34,41,55,55,55,55,55,55,55,52,52,52,52,52,52,52,52,52","-29,53,42,245,3,-6,60,2,-40,-22,225,-63,52,49,-26,-3,-47,-15,-16,-20,6,-50,3,35,-35",NA,"1,11,29,55,61,44,26,57,24,8,5,31,46,64,17,35,50,59,38,40,14,16,6,23,21",403,5,NA,NA,NA,NA,NA,NA,NA,NA,NA,NA,NA,NA,NA,NA,NA,NA,NA,NA,NA,NA,NA,NA,NA,NA,NA,NA,NA,NA,NA,NA,NA,7,NA,NA,NA
4,NA,NA,8,NA,NA,NA,NA,NA,NA,NA,NA,NA,905,NA,1,"37,37,34,34,34,34,34,20,20,20,20,20,20,20,20,20,20,20,20,20,20,20,20,20,20","-47,22,44,-39,11,-1,-35,-41,-60,-7,-22,49,6,-22,-21,50,24,-25,-25,-46,-29,-48,18,40,-7",NA,"57,58,59,60,61,62,63,64,55,46,37,28,19,10,1,2,3,4,5,6,7,8,16,23,30",-211,6,NA,NA,NA,NA,NA,NA,NA,NA,NA,NA,NA,NA,NA,NA,NA,NA,NA,NA,NA,NA,NA,NA,NA,NA,NA,NA,NA,NA,NA,NA,NA,NA,NA,NA,NA
4,NA,NA,9,NA,NA,NA,NA,NA,NA,NA,NA,NA,838,NA,0,"30,30,30,30,30,30,30,44,44,44,44,44,44,44,55,18,18,18,18,18,18,18,18,18,18","30,3,26,-47,-2,63,-42,38,-49,-36,3,21,-20,-59,41,-14,-45,-36,-13,-6,27,-57,30,2,30",NA,"17,11,29,6,32,47,53,63,33,43,59,57,52,2,22,8,64,37,27,13,19,61,39,23,16",-112,2,NA,NA,NA,NA,NA,NA,NA,NA,NA,NA,NA,NA,NA,NA,NA,NA,NA,NA,NA,NA,NA,NA,NA,NA,NA,NA,NA,NA,NA,NA,NA,NA,NA,NA,NA
4,NA,NA,10,NA,NA,NA,NA,NA,NA,NA,NA,NA,1177,NA,1,"63,63,22,22,44,35,58,54,54,54,54,54,37,38,38,38,38,38,38,48,20,19,27,27,27","36,-25,14,-54,23,38,18,-55,-9,-48,21,-6,-3,-9,12,13,29,6,-35,-47,-36,-7,237,55,31",NA,"49,58,51,60,53,62,55,64,1,10,3,12,5,14,7,16,17,26,19,28,21,30,23,32,39",199,8,NA,NA,NA,NA,NA,NA,NA,NA,NA,NA,NA,NA,NA,NA,NA,NA,NA,NA,NA,NA,NA,NA,NA,NA,NA,NA,NA,NA,NA,NA,NA,NA,NA,NA,NA
4,NA,NA,11,NA,NA,NA,NA,NA,NA,NA,NA,NA,921,NA,0,"61,27,31,38,39,47,14,11,11,11,11,11,11,11,11,11,11,11,11,11,11,11,11,11,11","6,-65,-9,-16,48,32,12,-46,-31,-55,-52,37,22,36,20,-50,42,-47,-13,-42,28,-14,6,31,-21",NA,"9,18,26,33,42,50,57,64,55,48,39,32,23,16,7,5,14,21,30,37,46,53,62,59,44",-141,1,NA,NA,NA,NA,NA,NA,NA,NA,NA,NA,NA,NA,NA,NA,NA,NA,NA,NA,NA,NA,NA,NA,NA,NA,NA,NA,NA,NA,NA,NA,NA,NA,NA,NA,NA
4,NA,NA,12,NA,NA,NA,NA,NA,NA,NA,NA,NA,343,NA,1,"28,64,40,41,13,8,40,40,40,40,40,40,25,51,44,58,57,57,57,57,57,57,57,57,58","46,-46,2,55,22,-34,-8,46,21,-12,-14,63,-40,17,-23,44,-32,37,-15,38,-14,-39,19,-31,272",NA,"50,52,54,56,47,45,43,41,34,36,38,40,31,29,27,25,18,20,22,24,15,13,11,9,58",374,3,NA,NA,NA,NA,NA,NA,NA,NA,NA,NA,NA,NA,NA,NA,NA,NA,NA,NA,NA,NA,NA,NA,NA,NA,NA,NA,NA,NA,NA,NA,NA,NA,NA,NA,NA
5,0,0,1,"esuoh",0,NA,NA,NA,NA,NA,NA,"2195,1912,408,504,254,921,868,343,905,1244,468,332",2195,0,0,"64,57,8,8,8,21,21,21,21,21,21,21,18,18,18,18,18,21,21,21,21,21,21,21,21","21,-21,-42,26,18,26,-28,-23,47,36,59,54,-11,51,29,36,-38,36,7,7,18,-6,-46,-36,-32",0,"57,40,25,36,36,36,53,1,22,19,22,47,21,47,42,31,55,44,28,28,11,60,64,8,5",188,2,0,2,0,3,2,2,2,NA,NA,NA,NA,NA,NA,NA,20,8,16,20,10,7,7,16,7,13,9,13,12,33,18,NA,NA,NA,NA,NA,NA
5,NA,NA,2,NA,NA,NA,NA,NA,NA,NA,NA,NA,1912,NA,1,"45,54,46,47,48,55,39,38,30,37,53,61,52,60,60,60,60,60,60,60,60,60,60,60,60","7,-5,20,22,38,-8,-41,-10,-9,52,50,50,-7,-43,263,-16,12,28,16,-51,-17,35,34,-52,48",NA,"18,45,23,23,42,55,21,1,35,40,40,40,24,51,57,64,17,33,48,29,19,5,5,34,59",416,7,NA,NA,NA,NA,NA,NA,NA,NA,NA,NA,NA,NA,NA,NA,NA,NA,NA,NA,NA,NA,NA,NA,NA,NA,NA,NA,NA,NA,NA,NA,NA,NA,NA,NA,NA
5,NA,NA,3,NA,NA,NA,NA,NA,NA,NA,NA,NA,408,NA,0,"24,45,8,15,22,29,1,10,57,33,25,13,6,48,55,6,6,6,6,6,6,6,6,6,6","-8,28,-10,28,36,53,54,-7,40,-21,10,14,36,14,-20,-35,38,23,27,56,5,5,-38,36,17",NA,"26,47,49,44,22,12,8,64,36,9,42,39,29,61,59,6,19,36,32,32,45,45,54,11,28",381,5,NA,NA,NA,NA,NA,NA,NA,NA,NA,NA,NA,NA,NA,NA,NA,NA,NA,NA,NA,NA,NA,NA,NA,NA,NA,NA,NA,NA,NA,NA,NA,NA,NA,NA,NA
5,NA,NA,4,NA,NA,NA,NA,NA,NA,NA,NA,NA,504,NA,1,"28,36,29,37,11,51,51,51,51,51,51,51,51,51,51,51,51,51,51,51,51,51,51,51,51","23,-50,1,36,53,-62,-6,-6,51,15,41,26,-21,-33,-13,48,38,-19,-25,-37,-3,42,52,-39,2",NA,"1,19,31,41,52,46,13,3,35,15,55,59,57,28,6,48,25,45,8,18,30,52,35,50,23",114,2,NA,NA,NA,NA,NA,NA,NA,NA,NA,NA,NA,NA,NA,NA,NA,NA,NA,NA,NA,NA,NA,NA,NA,NA,NA,NA,NA,NA,NA,NA,NA,NA,NA,NA,NA
5,NA,NA,5,NA,NA,NA,NA,NA,NA,NA,NA,NA,254,NA,0,"31,29,44,44,44,44,47,47,6,19,19,19,19,44,44,44,44,44,44,44,44,44,44,44,44","13,4,33,-51,7,-23,-29,-46,-26,-18,20,30,40,13,-59,-13,61,22,-35,-8,-55,-9,38,-54,11",NA,"1,64,8,57,20,38,34,52,32,10,36,29,13,46,54,25,29,13,27,51,23,7,4,12,47",-134,3,NA,NA,NA,NA,NA,NA,NA,NA,NA,NA,NA,NA,NA,NA,NA,NA,NA,NA,NA,NA,NA,NA,NA,NA,NA,NA,NA,NA,NA,NA,NA,NA,NA,NA,NA
5,NA,NA,6,NA,NA,NA,NA,NA,NA,NA,NA,NA,921,NA,0,"61,27,31,38,39,47,14,11,11,11,11,11,11,11,11,11,11,11,11,11,11,11,11,11,11","-23,1,-17,27,5,42,12,-16,13,66,67,59,61,-62,48,28,-35,-38,-31,12,-48,59,58,29,6",NA,"28,57,64,8,26,38,43,53,23,12,12,10,10,54,12,12,21,41,37,40,5,3,3,10,9",323,1,NA,NA,NA,NA,NA,NA,NA,NA,NA,NA,NA,NA,NA,NA,NA,NA,NA,NA,NA,NA,NA,NA,NA,NA,NA,NA,NA,NA,NA,NA,NA,NA,NA,NA,NA
5,NA,NA,7,NA,NA,NA,NA,NA,NA,NA,NA,NA,868,NA,1,"31,27,38,14,9,41,41,41,41,62,58,9,9,9,9,9,9,9,9,9,9,9,9,9,9","-42,-8,-19,63,-43,21,-36,49,-49,50,27,30,-44,12,28,70,5,-48,32,-30,-53,15,-36,35,-39",NA,"1,38,35,21,17,41,53,21,50,37,14,24,48,59,12,10,3,7,31,27,55,44,28,10,40",-10,4,NA,NA,NA,NA,NA,NA,NA,NA,NA,NA,NA,NA,NA,NA,NA,NA,NA,NA,NA,NA,NA,NA,NA,NA,NA,NA,NA,NA,NA,NA,NA,2,NA,NA,NA
5,NA,NA,8,NA,NA,NA,NA,NA,NA,NA,NA,NA,343,NA,1,"28,64,40,41,13,8,40,40,40,40,40,40,25,51,44,58,57,57,57,57,57,57,57,57,58","38,16,51,43,-17,-44,-34,-23,-8,22,27,40,47,-9,242,236,27,66,-4,-20,-52,251,45,9,-52",NA,"1,29,41,23,55,52,26,12,15,64,57,8,8,43,46,46,8,40,36,10,42,58,56,61,19",897,3,NA,NA,NA,NA,NA,NA,NA,NA,NA,NA,NA,NA,NA,NA,NA,NA,NA,NA,NA,NA,NA,NA,NA,NA,NA,NA,NA,NA,NA,NA,NA,NA,NA,NA,NA
5,NA,NA,9,NA,NA,NA,NA,NA,NA,NA,NA,NA,905,NA,1,"37,37,34,34,34,34,34,20,20,20,20,20,20,20,20,20,20,20,20,20,20,20,20,20,20","-23,20,48,-9,13,-8,35,46,7,-43,-41,-46,52,11,-50,-29,-14,11,-12,-2,35,49,44,49,7",NA,"1,27,34,46,22,12,50,36,32,6,60,55,29,17,41,15,52,3,62,18,39,28,36,29,45",150,6,NA,NA,NA,NA,NA,NA,NA,NA,NA,NA,NA,NA,NA,NA,NA,NA,NA,NA,NA,NA,NA,NA,NA,NA,NA,NA,NA,NA,NA,NA,NA,NA,NA,NA,NA
5,NA,NA,10,NA,NA,NA,NA,NA,NA,NA,NA,NA,1244,NA,1,"27,4,39,49,49,49,49,49,49,49,49,49,14,17,53,7,53,53,53,49,49,49,49,49,49","12,-12,-8,21,55,7,65,0,-6,-28,41,17,-52,-21,-52,-48,48,8,-27,8,32,-56,22,-34,23",NA,"27,25,44,55,31,22,31,11,12,58,41,41,64,37,10,9,15,24,28,52,53,60,49,34,49",15,8,NA,NA,NA,NA,NA,NA,NA,NA,NA,NA,NA,NA,NA,NA,NA,NA,NA,NA,NA,NA,NA,NA,NA,NA,NA,NA,NA,NA,NA,NA,NA,NA,NA,NA,NA
5,NA,NA,11,NA,NA,NA,NA,NA,NA,NA,NA,NA,468,NA,1,"6,54,46,45,28,28,28,51,28,28,25,41,35,34,42,42,42,42,28,28,28,28,28,42,42","-21,6,63,38,5,-25,-71,-10,-9,41,-32,-41,54,36,9,30,51,-6,-59,0,-29,7,49,29,-16",NA,"8,22,17,27,46,55,57,41,43,12,32,1,17,52,61,37,29,14,18,47,6,44,28,39,34",99,9,NA,NA,NA,NA,NA,NA,NA,NA,NA,NA,NA,NA,NA,NA,NA,NA,NA,NA,NA,NA,NA,NA,NA,NA,NA,NA,NA,NA,NA,NA,NA,NA,NA,NA,NA
5,NA,NA,12,NA,NA,NA,NA,NA,NA,NA,NA,NA,332,NA,1,"28,14,10,10,10,10,10,10,53,30,43,26,26,12,63,63,63,63,63,63,63,63,63,63,63","-34,72,43,51,52,-21,-30,-11,48,-23,-35,-8,3,43,-28,57,55,-44,62,-59,36,-50,-8,8,-10",NA,"21,39,34,53,11,15,1,57,64,8,36,17,51,46,13,4,27,31,39,60,48,41,44,20,22",169,5,NA,NA,NA,NA,NA,NA,NA,NA,NA,NA,NA,NA,NA,NA,NA,NA,NA,NA,NA,NA,NA,NA,NA,NA,NA,NA,NA,NA,NA,NA,NA,NA,NA,NA,NA
6,0,0,1,"esuoh",0,NA,NA,NA,NA,NA,NA,"868,921,1650,408,1434,795,2195,1639,1912,905,1177,1599",868,0,1,"31,27,38,14,9,41,41,41,41,62,58,9,9,9,9,9,9,9,9,9,9,9,9,9,9","-22,12,-34,9,-4,42,-17,-2,-6,-41,26,41,13,247,22,-6,51,-19,-38,65,59,31,51,20,-39",0,"29,32,28,39,15,10,42,42,34,43,63,59,2,11,9,18,21,46,53,10,10,10,10,13,48",461,4,0,8,0,3,2,2,2,NA,NA,NA,NA,NA,NA,NA,37,33,59,82,40,18,63,47,10,49,32,61,41,119,143,NA,NA,NA,NA,NA,NA
6,NA,NA,2,NA,NA,NA,NA,NA,NA,NA,NA,NA,921,NA,0,"61,27,31,38,39,47,14,11,11,11,11,11,11,11,11,11,11,11,11,11,11,11,11,11,11","36,9,-46,34,-52,3,-48,-6,58,4,38,-18,43,35,19,-43,-34,0,45,33,52,61,25,52,56",NA,"7,62,28,32,39,40,48,15,12,11,4,29,50,45,34,18,25,26,12,12,12,12,12,12,12",356,1,NA,NA,NA,NA,NA,NA,NA,NA,NA,NA,NA,NA,NA,NA,NA,NA,NA,NA,NA,NA,NA,NA,NA,NA,NA,NA,NA,NA,NA,NA,NA,NA,NA,NA,NA
6,NA,NA,3,NA,NA,NA,NA,NA,NA,NA,NA,NA,1650,NA,1,"22,35,37,52,19,34,34,34,34,34,34,34,34,34,34,34,34,34,34,34,34,34,34,34,34","23,-8,-1,-4,-50,-49,48,49,51,25,50,51,51,50,49,49,49,49,50,52,49,50,48,51,49",NA,"16,23,36,38,53,20,35,35,35,39,35,35,35,35,35,35,35,35,35,35,35,35,35,35,35",831,2,NA,NA,NA,NA,NA,NA,NA,NA,NA,NA,NA,NA,NA,NA,NA,NA,NA,NA,NA,NA,NA,NA,NA,NA,NA,NA,NA,NA,NA,NA,NA,NA,NA,NA,NA
6,NA,NA,4,NA,NA,NA,NA,NA,NA,NA,NA,NA,408,NA,0,"24,45,8,15,22,29,1,10,57,33,25,13,6,48,55,6,6,6,6,6,6,6,6,6,6","5,-10,-56,-21,-61,20,-34,-28,38,-35,-1,-6,-54,45,-3,-29,57,44,53,-32,-30,24,52,43,0",NA,"38,25,46,9,16,23,30,2,11,58,34,26,14,7,49,56,7,7,7,6,5,4,21,36,39",-19,5,NA,NA,NA,NA,NA,NA,NA,NA,NA,NA,NA,NA,NA,NA,NA,NA,NA,NA,NA,NA,NA,NA,NA,NA,NA,NA,NA,NA,NA,NA,NA,NA,NA,NA,NA
6,NA,NA,5,NA,NA,NA,NA,NA,NA,NA,NA,NA,1434,NA,1,"17,59,39,28,22,6,2,34,41,55,55,55,55,55,55,55,52,52,52,52,52,52,52,52,52","37,-17,-42,-3,-19,22,21,8,-13,-49,29,36,48,29,26,50,45,51,52,52,48,49,50,49,51",NA,"48,18,60,40,37,43,20,34,35,63,56,56,56,56,56,56,56,53,53,53,53,53,53,53,53",610,5,NA,NA,NA,NA,NA,NA,NA,NA,NA,NA,NA,NA,NA,NA,NA,NA,NA,NA,NA,NA,NA,NA,NA,NA,NA,NA,NA,NA,NA,NA,NA,NA,NA,NA,NA
6,NA,NA,6,NA,NA,NA,NA,NA,NA,NA,NA,NA,795,NA,1,"27,27,27,27,27,27,27,27,27,27,22,30,46,46,22,45,45,45,45,45,45,45,45,45,45","-18,-43,-59,-22,23,22,23,23,23,21,19,21,20,22,23,47,235,-37,0,235,232,250,245,246,240",NA,"38,28,28,22,34,34,34,34,34,34,34,34,34,34,34,23,46,45,53,46,46,46,46,46,46",1791,3,NA,NA,NA,NA,NA,NA,NA,NA,NA,NA,NA,NA,NA,NA,NA,NA,NA,NA,NA,NA,NA,NA,NA,NA,NA,NA,NA,NA,NA,NA,NA,NA,NA,NA,NA
6,NA,NA,7,NA,NA,NA,NA,NA,NA,NA,NA,NA,2195,NA,0,"64,57,8,8,8,21,21,21,21,21,21,21,18,18,18,18,18,21,21,21,21,21,21,21,21","30,34,-50,19,38,-1,54,-17,-53,-41,42,59,43,46,46,-37,30,39,59,57,60,51,54,43,41",NA,"29,39,58,36,19,19,22,12,34,43,22,22,22,19,19,55,19,19,22,22,22,22,22,22,22",646,2,NA,NA,NA,NA,NA,NA,NA,NA,NA,NA,NA,NA,NA,NA,NA,NA,NA,NA,NA,NA,NA,NA,NA,NA,NA,NA,NA,NA,NA,NA,NA,11,NA,NA,NA
6,NA,NA,8,NA,NA,NA,NA,NA,NA,NA,NA,NA,1639,NA,1,"16,41,5,9,9,9,9,9,9,16,16,16,16,16,16,45,20,1,7,16,16,39,60,35,16","15,49,-7,-60,41,49,51,27,31,47,50,50,50,49,49,50,52,19,-21,-36,50,50,45,-2,33",NA,"30,16,41,5,9,9,9,9,9,9,16,16,16,16,16,16,16,20,1,7,16,16,39,60,35",731,9,NA,NA,NA,NA,NA,NA,NA,NA,NA,NA,NA,NA,NA,NA,NA,NA,NA,NA,NA,NA,NA,NA,NA,NA,NA,NA,NA,NA,NA,NA,NA,NA,NA,NA,NA
6,NA,NA,9,NA,NA,NA,NA,NA,NA,NA,NA,NA,1912,NA,1,"45,54,46,47,48,55,39,38,30,37,53,61,52,60,60,60,60,60,60,60,60,60,60,60,60","60,30,6,16,19,31,17,-9,15,-49,-13,4,-32,48,257,267,267,260,246,257,260,258,258,245,257",NA,"4,45,54,46,47,48,55,39,38,30,37,53,61,52,60,60,60,60,60,60,60,60,60,60,60",2975,7,NA,NA,NA,NA,NA,NA,NA,NA,NA,NA,NA,NA,NA,NA,NA,NA,NA,NA,NA,NA,NA,NA,NA,NA,NA,NA,NA,NA,NA,NA,NA,NA,NA,NA,NA
6,NA,NA,10,NA,NA,NA,NA,NA,NA,NA,NA,NA,905,NA,1,"37,37,34,34,34,34,34,20,20,20,20,20,20,20,20,20,20,20,20,20,20,20,20,20,20","4,14,3,21,20,20,21,20,249,271,262,266,263,255,268,252,247,264,251,258,256,247,242,256,248",NA,"38,38,38,35,35,35,35,35,21,21,21,21,21,21,21,21,21,21,21,21,21,21,21,21,21",4478,6,NA,NA,NA,NA,NA,NA,NA,NA,NA,NA,NA,NA,NA,NA,NA,NA,NA,NA,NA,NA,NA,NA,NA,NA,NA,NA,NA,NA,NA,NA,NA,NA,NA,NA,NA
6,NA,NA,11,NA,NA,NA,NA,NA,NA,NA,NA,NA,1177,NA,1,"63,63,22,22,44,35,58,54,54,54,54,54,37,38,38,38,38,38,38,48,20,19,27,27,27","-47,35,38,12,9,-8,-42,-28,37,35,36,35,37,-22,49,45,49,43,43,47,-15,-21,-28,45,53",NA,"8,63,63,22,22,44,35,58,54,54,54,54,54,37,38,38,38,38,38,38,48,20,19,38,38",437,8,NA,NA,NA,NA,NA,NA,NA,NA,NA,NA,NA,NA,NA,NA,NA,NA,NA,NA,NA,NA,NA,NA,NA,NA,NA,NA,NA,NA,NA,NA,NA,NA,NA,NA,NA
6,NA,NA,12,NA,NA,NA,NA,NA,NA,NA,NA,NA,1599,NA,0,"22,35,45,19,15,50,51,43,34,25,34,34,34,34,34,34,34,34,34,34,34,34,34,34,34","-33,-48,20,28,33,-38,-6,-40,-32,46,-21,43,51,59,42,49,54,48,51,58,52,54,49,57,57",NA,"28,23,36,46,20,16,51,52,44,35,26,35,35,35,35,35,35,35,35,35,35,35,35,35,35",633,3,NA,NA,NA,NA,NA,NA,NA,NA,NA,NA,NA,NA,NA,NA,NA,NA,NA,NA,NA,NA,NA,NA,NA,NA,NA,NA,NA,NA,NA,NA,NA,NA,NA,NA,NA
7,0,0,1,"esuoh",0,NA,NA,NA,NA,NA,NA,"1625,1639,2195,1244,1899,343,332,335,1650,868,800,254",1625,0,1,"11,34,54,44,22,20,20,20,20,20,20,20,20,20,20,20,20,20,20,20,20,20,20,20,20","-54,-52,-19,41,7,-21,-49,-62,34,49,51,49,49,52,40,50,51,0,50,51,48,51,50,52,48",1,"30,30,35,53,13,11,16,18,47,29,29,29,29,29,25,29,29,37,29,29,29,29,29,29,29",566,6,0,5,0,3,2,2,2,NA,NA,NA,NA,NA,NA,NA,17,9,6,21,16,15,16,18,17,24,11,31,27,57,20,NA,NA,NA,NA,NA,NA
7,NA,NA,2,NA,NA,NA,NA,NA,NA,NA,NA,NA,1639,NA,1,"16,41,5,9,9,9,9,9,9,16,16,16,16,16,16,45,20,1,7,16,16,39,60,35,16","22,45,264,244,248,260,269,265,257,263,263,256,267,251,270,257,247,268,257,252,243,246,263,265,246",NA,"21,35,38,38,38,38,38,38,38,38,38,38,38,38,38,38,38,38,38,38,38,38,38,38,38",5988,9,NA,NA,NA,NA,NA,NA,NA,NA,NA,NA,NA,NA,NA,NA,NA,NA,NA,NA,NA,NA,NA,NA,NA,NA,NA,NA,NA,NA,NA,NA,NA,NA,NA,NA,NA
7,NA,NA,3,NA,NA,NA,NA,NA,NA,NA,NA,NA,2195,NA,0,"64,57,8,8,8,21,21,21,21,21,21,21,18,18,18,18,18,21,21,21,21,21,21,21,21","-16,-39,-2,49,31,-45,30,13,60,47,71,33,28,40,66,40,54,72,60,40,41,63,59,72,27",NA,"30,43,12,20,20,53,36,36,20,20,20,20,20,20,20,20,20,20,20,20,20,20,20,20,20",894,2,NA,NA,NA,NA,NA,NA,NA,NA,NA,NA,NA,NA,NA,NA,NA,NA,NA,NA,NA,NA,NA,NA,NA,NA,NA,NA,NA,NA,NA,NA,NA,NA,NA,NA,NA
7,NA,NA,4,NA,NA,NA,NA,NA,NA,NA,NA,NA,1244,NA,1,"27,4,39,49,49,49,49,49,49,49,49,49,14,17,53,7,53,53,53,49,49,49,49,49,49","-37,49,50,49,51,50,51,50,51,49,-27,48,50,50,50,48,51,48,51,51,51,52,48,49,39",NA,"21,36,36,36,36,36,36,36,36,36,6,36,36,36,36,36,36,36,36,36,36,36,36,36,31",1072,8,NA,NA,NA,NA,NA,NA,NA,NA,NA,NA,NA,NA,NA,NA,NA,NA,NA,NA,NA,NA,NA,NA,NA,NA,NA,NA,NA,NA,NA,NA,NA,NA,NA,NA,NA
7,NA,NA,5,NA,NA,NA,NA,NA,NA,NA,NA,NA,1899,NA,0,"8,57,64,1,37,36,28,29,43,44,35,52,45,45,45,48,31,31,36,36,36,36,36,36,36","35,30,43,31,36,27,14,36,49,49,51,50,51,-22,13,48,-73,51,49,48,50,49,46,58,44",NA,"22,27,37,47,29,44,36,28,21,21,21,21,21,30,38,37,46,21,21,21,21,21,37,37,37",863,5,NA,NA,NA,NA,NA,NA,NA,NA,NA,NA,NA,NA,NA,NA,NA,NA,NA,NA,NA,NA,NA,NA,NA,NA,NA,NA,NA,NA,NA,NA,NA,NA,NA,NA,NA
7,NA,NA,6,NA,NA,NA,NA,NA,NA,NA,NA,NA,343,NA,1,"28,64,40,41,13,8,40,40,40,40,40,40,25,51,44,58,57,57,57,57,57,57,57,57,58","20,48,-59,52,49,51,48,50,51,49,48,-51,51,51,50,51,50,52,50,51,50,51,-30,51,51",NA,"21,35,28,35,35,35,35,35,35,35,35,19,35,35,35,35,35,35,35,35,35,35,38,35,35",935,3,NA,NA,NA,NA,NA,NA,NA,NA,NA,NA,NA,NA,NA,NA,NA,NA,NA,NA,NA,NA,NA,NA,NA,NA,NA,NA,NA,NA,NA,NA,NA,NA,NA,NA,NA
7,NA,NA,7,NA,NA,NA,NA,NA,NA,NA,NA,NA,332,NA,1,"28,14,10,10,10,10,10,10,53,30,43,26,26,12,63,63,63,63,63,63,63,63,63,63,63","29,61,61,45,31,9,-38,20,44,44,26,7,32,35,36,7,-42,34,-17,22,22,37,35,34,34",NA,"29,27,27,27,27,20,36,28,27,27,27,42,46,23,23,14,13,23,38,46,46,23,23,23,23",608,5,NA,NA,NA,NA,NA,NA,NA,NA,NA,NA,NA,NA,NA,NA,NA,NA,NA,NA,NA,NA,NA,NA,NA,NA,NA,NA,NA,NA,NA,NA,NA,4,NA,NA,NA
7,NA,NA,8,NA,NA,NA,NA,NA,NA,NA,NA,NA,335,NA,1,"28,50,30,53,51,45,21,17,35,55,60,60,60,60,60,60,60,60,60,60,60,60,60,60,60","-30,-12,14,13,5,-15,32,-21,9,-12,27,49,23,45,18,-37,36,38,42,29,61,57,23,60,34",NA,"21,35,28,45,46,44,8,64,18,1,8,8,8,6,6,7,5,5,4,4,4,4,4,4,4",488,7,NA,NA,NA,NA,NA,NA,NA,NA,NA,NA,NA,NA,NA,NA,NA,NA,NA,NA,NA,NA,NA,NA,NA,NA,NA,NA,NA,NA,NA,NA,NA,NA,NA,NA,NA
7,NA,NA,9,NA,NA,NA,NA,NA,NA,NA,NA,NA,1650,NA,1,"22,35,37,52,19,34,34,34,34,34,34,34,34,34,34,34,34,34,34,34,34,34,34,34,34","24,-60,-48,35,-41,-50,-1,40,43,-33,3,-60,6,10,9,14,-5,-38,-17,15,21,30,28,33,25",NA,"21,28,27,21,12,20,22,21,21,45,36,37,21,21,21,31,47,32,8,6,6,6,6,2,1",-17,2,NA,NA,NA,NA,NA,NA,NA,NA,NA,NA,NA,NA,NA,NA,NA,NA,NA,NA,NA,NA,NA,NA,NA,NA,NA,NA,NA,NA,NA,NA,NA,NA,NA,NA,NA
7,NA,NA,10,NA,NA,NA,NA,NA,NA,NA,NA,NA,868,NA,1,"31,27,38,14,9,41,41,41,41,62,58,9,9,9,9,9,9,9,9,9,9,9,9,9,9","-18,-2,59,42,56,40,40,41,49,47,44,55,42,40,40,60,46,55,46,50,41,53,56,42,56",NA,"30,19,4,4,4,4,4,4,4,4,4,4,4,4,4,4,4,4,4,4,4,4,4,4,4",1080,4,NA,NA,NA,NA,NA,NA,NA,NA,NA,NA,NA,NA,NA,NA,NA,NA,NA,NA,NA,NA,NA,NA,NA,NA,NA,NA,NA,NA,NA,NA,NA,NA,NA,NA,NA
7,NA,NA,11,NA,NA,NA,NA,NA,NA,NA,NA,NA,800,NA,0,"36,35,34,11,11,11,11,11,11,11,11,11,11,11,11,11,11,11,11,11,11,11,11,11,11","-57,9,-51,31,51,47,42,38,50,39,64,45,62,43,63,45,52,40,53,36,59,64,47,55,43",NA,"21,11,5,4,3,3,3,3,3,3,3,3,3,3,3,3,3,3,3,3,3,3,3,3,3",970,1,NA,NA,NA,NA,NA,NA,NA,NA,NA,NA,NA,NA,NA,NA,NA,NA,NA,NA,NA,NA,NA,NA,NA,NA,NA,NA,NA,NA,NA,NA,NA,NA,NA,NA,NA
7,NA,NA,12,NA,NA,NA,NA,NA,NA,NA,NA,NA,254,NA,0,"31,29,44,44,44,44,47,47,6,19,19,19,19,44,44,44,44,44,44,44,44,44,44,44,44","-14,73,46,37,64,44,64,44,-22,69,41,57,55,68,43,43,59,46,28,74,66,38,34,42,55",NA,"21,3,3,3,3,3,3,3,38,3,3,3,3,3,3,3,3,3,3,3,3,3,3,3,3",1154,3,NA,NA,NA,NA,NA,NA,NA,NA,NA,NA,NA,NA,NA,NA,NA,NA,NA,NA,NA,NA,NA,NA,NA,NA,NA,NA,NA,NA,NA,NA,NA,NA,NA,NA,NA
8,0,0,1,"esuoh",0,NA,NA,NA,NA,NA,NA,"1899,1625,1244,332,1912,868,504,343,838,1639,800,1599",1899,0,0,"8,57,64,1,37,36,28,29,43,44,35,52,45,45,45,48,31,31,36,36,36,36,36,36,36","54,26,-31,-54,-62,-48,6,23,41,-35,51,28,37,6,64,-44,5,37,-51,-21,-8,-35,-43,53,-49",0,"7,38,35,35,35,20,47,23,7,52,18,12,63,50,32,14,33,29,62,59,3,10,48,37,30",-50,5,0,10,0,3,2,2,2,NA,NA,NA,NA,NA,NA,NA,12,30,22,36,27,11,12,10,10,12,15,21,10,19,40,NA,NA,NA,NA,NA,NA
8,NA,NA,2,NA,NA,NA,NA,NA,NA,NA,NA,NA,1625,NA,1,"11,34,54,44,22,20,20,20,20,20,20,20,20,20,20,20,20,20,20,20,20,20,20,20,20","-6,7,19,-31,17,-1,249,-19,-9,-43,-18,255,43,29,-25,73,32,68,-35,244,47,53,37,-30,-70",NA,"24,12,45,52,26,30,21,10,42,55,15,21,58,58,61,54,54,54,6,21,36,36,39,48,64",886,6,NA,NA,NA,NA,NA,NA,NA,NA,NA,NA,NA,NA,NA,NA,NA,NA,NA,NA,NA,NA,NA,NA,NA,NA,NA,NA,NA,NA,NA,NA,NA,NA,NA,NA,NA
8,NA,NA,3,NA,NA,NA,NA,NA,NA,NA,NA,NA,1244,NA,1,"27,4,39,49,49,49,49,49,49,49,49,49,14,17,53,7,53,53,53,49,49,49,49,49,49","0,-26,21,16,57,-45,-38,12,11,41,-4,-44,-51,42,32,47,20,-59,54,8,-21,3,57,-19,-21",NA,"2,45,4,39,62,34,29,16,51,53,14,11,50,49,17,53,55,64,31,22,20,7,32,48,37",93,8,NA,NA,NA,NA,NA,NA,NA,NA,NA,NA,NA,NA,NA,NA,NA,NA,NA,NA,NA,NA,NA,NA,NA,NA,NA,NA,NA,NA,NA,NA,NA,NA,NA,NA,NA
8,NA,NA,4,NA,NA,NA,NA,NA,NA,NA,NA,NA,332,NA,1,"28,14,10,10,10,10,10,10,53,30,43,26,26,12,63,63,63,63,63,63,63,63,63,63,63","-59,31,-24,-22,22,15,59,43,61,32,34,-9,-44,-22,39,16,-21,49,51,-3,-16,-47,-11,-27,55",NA,"31,29,12,15,46,51,11,11,11,34,56,44,60,62,27,6,8,64,64,2,17,50,57,38,39",202,5,NA,NA,NA,NA,NA,NA,NA,NA,NA,NA,NA,NA,NA,NA,NA,NA,NA,NA,NA,NA,NA,NA,NA,NA,NA,NA,NA,NA,NA,NA,NA,NA,NA,NA,NA
8,NA,NA,5,NA,NA,NA,NA,NA,NA,NA,NA,NA,1912,NA,1,"45,54,46,47,48,55,39,38,30,37,53,61,52,60,60,60,60,60,60,60,60,60,60,60,60","30,-45,-3,14,1,-42,37,-36,-17,-52,-51,18,-47,14,-36,29,-20,30,246,17,7,270,261,255,262",NA,"16,10,46,48,44,31,62,61,51,30,27,42,21,6,7,8,32,12,60,28,18,60,60,60,60",1142,7,NA,NA,NA,NA,NA,NA,NA,NA,NA,NA,NA,NA,NA,NA,NA,NA,NA,NA,NA,NA,NA,NA,NA,NA,NA,NA,NA,NA,NA,NA,NA,NA,NA,NA,NA
8,NA,NA,6,NA,NA,NA,NA,NA,NA,NA,NA,NA,868,NA,1,"31,27,38,14,9,41,41,41,41,62,58,9,9,9,9,9,9,9,9,9,9,9,9,9,9","38,-5,-17,30,-3,-26,-23,30,-20,41,-52,49,-43,70,35,50,37,36,35,64,13,20,-3,44,51",NA,"16,18,47,61,51,36,29,13,42,31,7,64,48,10,10,10,10,10,10,10,49,33,25,4,4",451,4,NA,NA,NA,NA,NA,NA,NA,NA,NA,NA,NA,NA,NA,NA,NA,NA,NA,NA,NA,NA,NA,NA,NA,NA,NA,NA,NA,NA,NA,NA,NA,NA,NA,NA,NA
8,NA,NA,7,NA,NA,NA,NA,NA,NA,NA,NA,NA,504,NA,1,"28,36,29,37,11,51,51,51,51,51,51,51,51,51,51,51,51,51,51,51,51,51,51,51,51","70,33,50,-50,-6,46,54,40,-27,14,30,13,-56,-10,-49,-49,16,-2,38,28,56,48,33,55,28",NA,"24,24,24,37,30,24,24,52,12,6,55,34,50,43,27,20,22,21,2,1,33,33,33,33,59",403,2,NA,NA,NA,NA,NA,NA,NA,NA,NA,NA,NA,NA,NA,NA,NA,NA,NA,NA,NA,NA,NA,NA,NA,NA,NA,NA,NA,NA,NA,NA,NA,4,NA,NA,NA
8,NA,NA,8,NA,NA,NA,NA,NA,NA,NA,NA,NA,343,NA,1,"28,64,40,41,13,8,40,40,40,40,40,40,25,51,44,58,57,57,57,57,57,57,57,57,58","35,37,36,23,-50,-70,-29,-36,54,-50,-49,-50,44,52,-36,-37,-35,21,263,280,-19,-18,-12,-34,19",NA,"8,1,57,64,42,39,30,39,41,42,42,42,41,41,26,26,26,59,58,58,62,62,62,45,47",339,3,NA,NA,NA,NA,NA,NA,NA,NA,NA,NA,NA,NA,NA,NA,NA,NA,NA,NA,NA,NA,NA,NA,NA,NA,NA,NA,NA,NA,NA,NA,NA,NA,NA,NA,NA
8,NA,NA,9,NA,NA,NA,NA,NA,NA,NA,NA,NA,838,NA,0,"30,30,30,30,30,30,30,44,44,44,44,44,44,44,55,18,18,18,18,18,18,18,18,18,18","59,45,38,-39,-38,51,59,25,47,40,56,51,4,38,70,-23,-25,-20,-15,-10,21,-23,-20,-52,-53",NA,"7,7,31,53,53,51,51,19,7,7,7,45,48,63,26,27,27,27,12,12,4,10,1,33,41",286,2,NA,NA,NA,NA,NA,NA,NA,NA,NA,NA,NA,NA,NA,NA,NA,NA,NA,NA,NA,NA,NA,NA,NA,NA,NA,NA,NA,NA,NA,NA,NA,NA,NA,NA,NA
8,NA,NA,10,NA,NA,NA,NA,NA,NA,NA,NA,NA,1639,NA,1,"16,41,5,9,9,9,9,9,9,16,16,16,16,16,16,45,20,1,7,16,16,39,60,35,16","15,-38,-50,-22,-57,39,-50,-49,13,-7,-6,46,49,17,-21,14,-44,20,52,-19,-51,7,-24,-34,1",NA,"24,57,64,8,5,9,1,18,30,45,43,27,16,14,15,31,32,20,12,11,3,4,6,7,47",-199,9,NA,NA,NA,NA,NA,NA,NA,NA,NA,NA,NA,NA,NA,NA,NA,NA,NA,NA,NA,NA,NA,NA,NA,NA,NA,NA,NA,NA,NA,NA,NA,NA,NA,NA,NA
8,NA,NA,11,NA,NA,NA,NA,NA,NA,NA,NA,NA,800,NA,0,"36,35,34,11,11,11,11,11,11,11,11,11,11,11,11,11,11,11,11,11,11,11,11,11,11","28,-2,-22,-6,0,35,74,-20,39,21,-41,-36,-36,-23,-23,7,-15,3,-73,-49,-13,-6,36,-34,55",NA,"8,57,64,1,29,32,12,44,46,47,48,27,27,51,61,62,63,56,55,39,31,22,23,19,10",-101,1,NA,NA,NA,NA,NA,NA,NA,NA,NA,NA,NA,NA,NA,NA,NA,NA,NA,NA,NA,NA,NA,NA,NA,NA,NA,NA,NA,NA,NA,NA,NA,NA,NA,NA,NA
8,NA,NA,12,NA,NA,NA,NA,NA,NA,NA,NA,NA,1599,NA,0,"22,35,45,19,15,50,51,43,34,25,34,34,34,34,34,34,34,34,34,34,34,34,34,34,34","1,32,48,18,23,52,50,48,50,51,13,-14,-7,-32,17,-2,4,0,37,37,34,36,36,35,-10",NA,"8,29,29,46,46,19,19,19,19,19,42,42,42,42,42,62,62,64,56,56,56,56,56,56,31",557,3,NA,NA,NA,NA,NA,NA,NA,NA,NA,NA,NA,NA,NA,NA,NA,NA,NA,NA,NA,NA,NA,NA,NA,NA,NA,NA,NA,NA,NA,NA,NA,NA,NA,NA,NA
9,0,0,1,"esuoh",0,NA,NA,NA,NA,NA,NA,"795,868,1625,1434,1599,335,1177,800,504,1899,2195,1639",795,0,1,"27,27,27,27,27,27,27,27,27,27,22,30,46,46,22,45,45,45,45,45,45,45,45,45,45","48,-50,-49,-6,35,13,-4,244,-6,49,31,39,21,-24,-36,-20,-8,30,38,42,1,-39,37,51,45",0,"24,28,19,3,1,32,48,46,43,41,57,8,64,55,45,22,7,8,24,16,15,9,1,41,57",482,3,0,12,0,3,2,2,2,NA,NA,NA,NA,NA,NA,NA,13,6,11,56,13,5,8,11,3,12,9,15,9,11,27,NA,NA,NA,NA,NA,NA
9,NA,NA,2,NA,NA,NA,NA,NA,NA,NA,NA,NA,868,NA,1,"31,27,38,14,9,41,41,41,41,62,58,9,9,9,9,9,9,9,9,9,9,9,9,9,9","-50,-42,52,51,-20,-14,1,44,60,-10,-54,-20,34,-40,22,39,37,36,0,26,61,-33,7,-6,-43",NA,"8,8,64,64,57,1,2,4,12,20,36,29,32,40,32,24,16,23,15,14,21,30,39,38,48",138,4,NA,NA,NA,NA,NA,NA,NA,NA,NA,NA,NA,NA,NA,NA,NA,NA,NA,NA,NA,NA,NA,NA,NA,NA,NA,NA,NA,NA,NA,NA,NA,NA,NA,NA,NA
9,NA,NA,3,NA,NA,NA,NA,NA,NA,NA,NA,NA,1625,NA,1,"11,34,54,44,22,20,20,20,20,20,20,20,20,20,20,20,20,20,20,20,20,20,20,20,20","-52,-48,-23,-16,13,8,-3,-7,61,-30,48,21,3,5,-37,-23,-38,27,23,55,-41,-21,233,43,-24",NA,"8,8,7,30,31,32,40,46,54,52,36,27,18,45,63,61,51,43,35,34,25,10,11,13,14",177,6,NA,NA,NA,NA,NA,NA,NA,NA,NA,NA,NA,NA,NA,NA,NA,NA,NA,NA,NA,NA,NA,NA,NA,NA,NA,NA,NA,NA,NA,NA,NA,NA,NA,NA,NA
9,NA,NA,4,NA,NA,NA,NA,NA,NA,NA,NA,NA,1434,NA,1,"17,59,39,28,22,6,2,34,41,55,55,55,55,55,55,55,52,52,52,52,52,52,52,52,52","-21,-23,35,-43,18,-29,-3,18,-19,49,36,-34,-44,12,9,2,3,-23,-29,21,-29,8,23,236,-2",NA,"8,15,23,31,19,18,35,45,37,46,54,62,60,51,42,49,33,25,17,9,1,3,4,5,6",171,5,NA,NA,NA,NA,NA,NA,NA,NA,NA,NA,NA,NA,NA,NA,NA,NA,NA,NA,NA,NA,NA,NA,NA,NA,NA,NA,NA,NA,NA,NA,NA,NA,NA,NA,NA
9,NA,NA,5,NA,NA,NA,NA,NA,NA,NA,NA,NA,1599,NA,0,"22,35,45,19,15,50,51,43,34,25,34,34,34,34,34,34,34,34,34,34,34,34,34,34,34","17,-40,32,-61,-14,18,-30,-36,-23,42,37,-8,36,-29,-2,10,22,26,35,5,-49,42,-30,-27,13",NA,"8,16,13,12,11,20,28,30,38,37,29,21,5,44,60,61,63,64,56,48,40,39,34,42,50",-14,3,NA,NA,NA,NA,NA,NA,NA,NA,NA,NA,NA,NA,NA,NA,NA,NA,NA,NA,NA,NA,NA,NA,NA,NA,NA,NA,NA,NA,NA,NA,NA,NA,NA,NA,NA
9,NA,NA,6,NA,NA,NA,NA,NA,NA,NA,NA,NA,335,NA,1,"28,50,30,53,51,45,21,17,35,55,60,60,60,60,60,60,60,60,60,60,60,60,60,60,60","48,31,-59,-40,-14,51,-21,-8,49,50,48,52,36,44,49,50,23,41,-36,-37,45,44,46,20,3",NA,"8,12,10,22,29,40,32,24,40,40,40,40,8,8,16,16,16,15,14,7,6,6,6,6,6",515,7,NA,NA,NA,NA,NA,NA,NA,NA,NA,NA,NA,NA,NA,NA,NA,NA,NA,NA,NA,NA,NA,NA,NA,NA,NA,NA,NA,NA,NA,NA,NA,NA,NA,NA,NA
9,NA,NA,7,NA,NA,NA,NA,NA,NA,NA,NA,NA,1177,NA,1,"63,63,22,22,44,35,58,54,54,54,54,54,37,38,38,38,38,38,38,48,20,19,27,27,27","234,240,249,237,244,252,247,239,241,254,251,242,237,242,248,235,239,247,253,238,234,243,242,244,245",NA,"23,23,23,23,23,23,23,23,23,23,23,23,23,23,23,23,23,23,23,23,23,23,23,23,23",6077,8,NA,NA,NA,NA,NA,NA,NA,NA,NA,NA,NA,NA,NA,NA,NA,NA,NA,NA,NA,NA,NA,NA,NA,NA,NA,NA,NA,NA,NA,NA,NA,3,NA,NA,NA
9,NA,NA,8,NA,NA,NA,NA,NA,NA,NA,NA,NA,800,NA,0,"36,35,34,11,11,11,11,11,11,11,11,11,11,11,11,11,11,11,11,11,11,11,11,11,11","-20,-32,-44,-19,47,62,69,39,43,68,35,41,39,55,56,54,41,59,35,51,53,38,73,37,46",NA,"31,29,28,20,12,12,12,12,12,12,10,10,10,10,10,10,10,10,10,10,10,10,10,10,10",926,1,NA,NA,NA,NA,NA,NA,NA,NA,NA,NA,NA,NA,NA,NA,NA,NA,NA,NA,NA,NA,NA,NA,NA,NA,NA,NA,NA,NA,NA,NA,NA,NA,NA,NA,NA
9,NA,NA,9,NA,NA,NA,NA,NA,NA,NA,NA,NA,504,NA,1,"28,36,29,37,11,51,51,51,51,51,51,51,51,51,51,51,51,51,51,51,51,51,51,51,51","2,-51,-34,21,21,21,12,2,-12,41,55,36,39,51,25,34,60,38,57,75,69,63,47,53,45",NA,"23,20,18,11,11,11,36,36,38,39,39,39,39,39,39,39,39,39,39,39,39,39,39,39,39",770,2,NA,NA,NA,NA,NA,NA,NA,NA,NA,NA,NA,NA,NA,NA,NA,NA,NA,NA,NA,NA,NA,NA,NA,NA,NA,NA,NA,NA,NA,NA,NA,NA,NA,NA,NA
9,NA,NA,10,NA,NA,NA,NA,NA,NA,NA,NA,NA,1899,NA,0,"8,57,64,1,37,36,28,29,43,44,35,52,45,45,45,48,31,31,36,36,36,36,36,36,36","-55,26,7,-29,24,31,24,1,26,33,8,-50,49,48,52,51,52,49,48,50,50,51,50,50,49",NA,"40,38,38,30,38,38,36,36,28,28,28,20,21,21,21,21,21,21,21,21,21,21,21,21,21",695,5,NA,NA,NA,NA,NA,NA,NA,NA,NA,NA,NA,NA,NA,NA,NA,NA,NA,NA,NA,NA,NA,NA,NA,NA,NA,NA,NA,NA,NA,NA,NA,NA,NA,NA,NA
9,NA,NA,11,NA,NA,NA,NA,NA,NA,NA,NA,NA,2195,NA,0,"64,57,8,8,8,21,21,21,21,21,21,21,18,18,18,18,18,21,21,21,21,21,21,21,21","-33,-25,32,24,11,46,18,14,3,39,37,49,37,56,57,63,26,42,67,47,49,65,73,26,47",NA,"30,21,19,19,19,19,19,19,19,26,26,26,26,26,26,26,26,26,26,26,26,26,26,26,26",870,2,NA,NA,NA,NA,NA,NA,NA,NA,NA,NA,NA,NA,NA,NA,NA,NA,NA,NA,NA,NA,NA,NA,NA,NA,NA,NA,NA,NA,NA,NA,NA,NA,NA,NA,NA
9,NA,NA,12,NA,NA,NA,NA,NA,NA,NA,NA,NA,1639,NA,1,"16,41,5,9,9,9,9,9,9,16,16,16,16,16,16,45,20,1,7,16,16,39,60,35,16","17,21,22,20,23,22,22,21,23,20,22,20,20,22,20,46,58,39,38,56,62,45,59,50,47",NA,"30,20,20,20,20,20,20,20,20,20,20,20,20,20,20,27,27,27,27,27,27,27,27,27,27",815,9,NA,NA,NA,NA,NA,NA,NA,NA,NA,NA,NA,NA,NA,NA,NA,NA,NA,NA,NA,NA,NA,NA,NA,NA,NA,NA,NA,NA,NA,NA,NA,NA,NA,NA,NA
10,0,0,1,"esuoh",0,NA,NA,NA,NA,NA,NA,"1899,2195,504,1599,921,376,1244,335,1639,1625,332,795",1899,0,0,"8,57,64,1,37,36,28,29,43,44,35,52,45,45,45,48,31,31,36,36,36,36,36,36,36","-29,-24,40,-36,-34,-36,4,6,7,35,-10,35,-4,-68,-42,1,-44,-19,27,-28,-20,-22,-21,-11,-47",0,"2,2,19,58,58,34,36,45,45,22,31,29,64,46,46,49,49,49,12,6,9,9,9,25,40",-340,5,0,5,0,3,2,2,2,NA,NA,NA,NA,NA,NA,NA,8,6,7,42,19,11,16,20,11,20,14,41,11,27,58,NA,NA,NA,NA,NA,NA
10,NA,NA,2,NA,NA,NA,NA,NA,NA,NA,NA,NA,2195,NA,0,"64,57,8,8,8,21,21,21,21,21,21,21,18,18,18,18,18,21,21,21,21,21,21,21,21","-34,-35,-18,-40,-34,13,-26,12,36,-37,-35,-34,-35,-37,-35,3,21,-51,-49,5,20,-56,-53,-49,2",NA,"8,8,8,58,58,17,27,29,46,55,55,55,55,55,55,52,42,33,33,49,4,2,2,2,11",-546,2,NA,NA,NA,NA,NA,NA,NA,NA,NA,NA,NA,NA,NA,NA,NA,NA,NA,NA,NA,NA,NA,NA,NA,NA,NA,NA,NA,NA,NA,NA,NA,NA,NA,NA,NA
10,NA,NA,3,NA,NA,NA,NA,NA,NA,NA,NA,NA,504,NA,1,"28,36,29,37,11,51,51,51,51,51,51,51,51,51,51,51,51,51,51,51,51,51,51,51,51","-28,-35,262,49,-21,-9,-26,40,-61,-75,-41,9,-45,-22,-34,49,-11,34,-23,268,24,-42,16,34,-49",NA,"8,57,64,1,28,38,42,55,46,46,46,63,56,56,9,10,23,25,4,40,33,26,31,60,44",263,2,NA,NA,NA,NA,NA,NA,NA,NA,NA,NA,NA,NA,NA,NA,NA,NA,NA,NA,NA,NA,NA,NA,NA,NA,NA,NA,NA,NA,NA,NA,NA,NA,NA,NA,NA
10,NA,NA,4,NA,NA,NA,NA,NA,NA,NA,NA,NA,1599,NA,0,"22,35,45,19,15,50,51,43,34,25,34,34,34,34,34,34,34,34,34,34,34,34,34,34,34","18,12,21,-51,-51,5,22,-56,30,-2,-51,55,-45,20,8,-33,47,48,-23,-28,58,23,35,12,-51",NA,"64,1,8,57,57,64,64,28,46,41,53,39,23,47,48,44,45,37,38,54,55,63,56,62,40",23,3,NA,NA,NA,NA,NA,NA,NA,NA,NA,NA,NA,NA,NA,NA,NA,NA,NA,NA,NA,NA,NA,NA,NA,NA,NA,NA,NA,NA,NA,NA,NA,NA,NA,NA,NA
10,NA,NA,5,NA,NA,NA,NA,NA,NA,NA,NA,NA,921,NA,0,"61,27,31,38,39,47,14,11,11,11,11,11,11,11,11,11,11,11,11,11,11,11,11,11,11","-26,-7,28,6,52,32,39,24,-23,-44,-6,37,23,-11,54,-49,-49,46,14,26,-3,12,-22,-35,-6",NA,"64,1,8,57,49,42,50,58,51,41,15,16,7,29,6,5,5,14,22,34,26,43,44,35,33",112,1,NA,NA,NA,NA,NA,NA,NA,NA,NA,NA,NA,NA,NA,NA,NA,NA,NA,NA,NA,NA,NA,NA,NA,NA,NA,NA,NA,NA,NA,NA,NA,NA,NA,NA,NA
10,NA,NA,6,NA,NA,NA,NA,NA,NA,NA,NA,NA,376,NA,1,"30,30,30,30,30,30,28,19,19,19,35,36,36,36,36,36,36,36,36,36,36,36,36,36,36","6,-6,-31,-16,-24,30,-1,63,-23,37,16,-15,26,68,261,38,18,34,47,18,-3,-35,-59,59,6",NA,"39,38,48,57,1,20,19,21,29,14,15,6,13,12,22,23,24,16,31,32,47,8,40,4,3",514,4,NA,NA,NA,NA,NA,NA,NA,NA,NA,NA,NA,NA,NA,NA,NA,NA,NA,NA,NA,NA,NA,NA,NA,NA,NA,NA,NA,NA,NA,NA,NA,NA,NA,NA,NA
10,NA,NA,7,NA,NA,NA,NA,NA,NA,NA,NA,NA,1244,NA,1,"27,4,39,49,49,49,49,49,49,49,49,49,14,17,53,7,53,53,53,49,49,49,49,49,49","-51,-40,51,-23,-28,-52,-53,-49,-6,-51,-10,29,-40,28,-8,22,-26,-58,69,-43,251,3,44,-12,56",NA,"64,8,36,37,28,35,35,35,44,10,25,49,50,47,14,4,1,60,31,19,23,24,32,30,15",3,8,NA,NA,NA,NA,NA,NA,NA,NA,NA,NA,NA,NA,NA,NA,NA,NA,NA,NA,NA,NA,NA,NA,NA,NA,NA,NA,NA,NA,NA,NA,NA,3,NA,NA,NA
10,NA,NA,8,NA,NA,NA,NA,NA,NA,NA,NA,NA,335,NA,1,"28,50,30,53,51,45,21,17,35,55,60,60,60,60,60,60,60,60,60,60,60,60,60,60,60","-20,25,-51,-44,59,-35,-25,-40,56,23,43,-2,35,-23,-8,260,-17,6,-30,4,39,-8,262,0,-49",NA,"56,17,10,10,26,35,35,34,15,23,50,51,62,13,45,57,58,49,41,28,3,39,60,37,30",460,7,NA,NA,NA,NA,NA,NA,NA,NA,NA,NA,NA,NA,NA,NA,NA,NA,NA,NA,NA,NA,NA,NA,NA,NA,NA,NA,NA,NA,NA,NA,NA,NA,NA,NA,NA
10,NA,NA,9,NA,NA,NA,NA,NA,NA,NA,NA,NA,1639,NA,1,"16,41,5,9,9,9,9,9,9,16,16,16,16,16,16,45,20,1,7,16,16,39,60,35,16","-50,49,-36,-2,-43,21,50,8,24,1,270,38,31,-17,58,-19,7,21,-12,25,29,36,16,-20,-50",NA,"64,16,7,41,5,21,29,30,37,45,38,46,39,31,28,36,22,20,47,54,53,52,51,55,50",435,9,NA,NA,NA,NA,NA,NA,NA,NA,NA,NA,NA,NA,NA,NA,NA,NA,NA,NA,NA,NA,NA,NA,NA,NA,NA,NA,NA,NA,NA,NA,NA,NA,NA,NA,NA
10,NA,NA,10,NA,NA,NA,NA,NA,NA,NA,NA,NA,1625,NA,1,"11,34,54,44,22,20,20,20,20,20,20,20,20,20,20,20,20,20,20,20,20,20,20,20,20","-22,-49,9,20,51,57,-15,21,262,7,35,27,238,3,-16,-20,13,-22,57,-50,31,46,-39,53,-2",NA,"1,8,20,35,28,36,37,27,21,19,13,12,11,22,14,30,18,10,3,4,43,44,51,34,42",695,6,NA,NA,NA,NA,NA,NA,NA,NA,NA,NA,NA,NA,NA,NA,NA,NA,NA,NA,NA,NA,NA,NA,NA,NA,NA,NA,NA,NA,NA,NA,NA,NA,NA,NA,NA
10,NA,NA,11,NA,NA,NA,NA,NA,NA,NA,NA,NA,332,NA,1,"28,14,10,10,10,10,10,10,53,30,43,26,26,12,63,63,63,63,63,63,63,63,63,63,63","-36,-41,227,-65,-50,25,49,-18,-14,-36,31,47,21,-16,-25,47,-9,-15,23,38,-22,-52,-26,-52,-49",NA,"1,37,55,47,63,54,53,52,61,25,19,11,20,12,25,27,35,18,28,23,15,31,50,41,41",-18,5,NA,NA,NA,NA,NA,NA,NA,NA,NA,NA,NA,NA,NA,NA,NA,NA,NA,NA,NA,NA,NA,NA,NA,NA,NA,NA,NA,NA,NA,NA,NA,NA,NA,NA,NA
10,NA,NA,12,NA,NA,NA,NA,NA,NA,NA,NA,NA,795,NA,1,"27,27,27,27,27,27,27,27,27,27,22,30,46,46,22,45,45,45,45,45,45,45,45,45,45","34,31,-37,-38,-47,-6,21,-9,27,40,-8,-5,-50,-51,-49,12,-23,-16,47,-34,-37,231,-42,53,2",NA,"1,2,28,28,28,3,64,55,57,8,15,7,42,42,39,47,60,12,25,26,45,46,30,32,62",46,3,NA,NA,NA,NA,NA,NA,NA,NA,NA,NA,NA,NA,NA,NA,NA,NA,NA,NA,NA,NA,NA,NA,NA,NA,NA,NA,NA,NA,NA,NA,NA,NA,NA,NA,NA
11,0,0,1,"esuoh",0,NA,NA,NA,NA,NA,NA,"2195,504,376,332,254,1899,1912,1244,921,343,468,1625",2195,0,0,"64,57,8,8,8,21,21,21,21,21,21,21,18,18,18,18,18,21,21,21,21,21,21,21,21","16,13,-72,-21,23,-35,-16,45,40,36,37,-10,-46,-35,-9,-34,23,-21,21,-8,-8,51,48,29,29",0,"29,50,58,40,4,62,8,18,18,44,44,23,25,64,13,35,46,1,57,60,11,45,45,19,19",96,2,0,1,0,3,2,2,2,NA,NA,NA,NA,NA,NA,NA,13,9,20,22,19,8,8,20,5,20,9,18,11,28,24,NA,NA,NA,NA,NA,NA
11,NA,NA,2,NA,NA,NA,NA,NA,NA,NA,NA,NA,504,NA,1,"28,36,29,37,11,51,51,51,51,51,51,51,51,51,51,51,51,51,51,51,51,51,51,51,51","-50,263,264,-51,5,0,-11,-34,48,27,20,22,20,36,-7,13,-3,17,27,-29,30,29,-50,-17,12",NA,"20,64,64,44,31,31,58,18,39,39,16,16,14,61,3,34,38,54,1,8,41,41,28,47,22",581,2,NA,NA,NA,NA,NA,NA,NA,NA,NA,NA,NA,NA,NA,NA,NA,NA,NA,NA,NA,NA,NA,NA,NA,NA,NA,NA,NA,NA,NA,NA,NA,NA,NA,NA,NA
11,NA,NA,3,NA,NA,NA,NA,NA,NA,NA,NA,NA,376,NA,1,"30,30,30,30,30,30,28,19,19,19,35,36,36,36,36,36,36,36,36,36,36,36,36,36,36","45,42,-22,-36,-48,43,59,-25,7,43,60,33,-34,2,36,37,49,48,-65,52,51,42,45,8,18",NA,"21,21,35,54,7,10,10,57,51,4,4,31,48,19,16,16,37,37,26,64,64,14,14,52,61",490,4,NA,NA,NA,NA,NA,NA,NA,NA,NA,NA,NA,NA,NA,NA,NA,NA,NA,NA,NA,NA,NA,NA,NA,NA,NA,NA,NA,NA,NA,NA,NA,NA,NA,NA,NA
11,NA,NA,4,NA,NA,NA,NA,NA,NA,NA,NA,NA,332,NA,1,"28,14,10,10,10,10,10,10,53,30,43,26,26,12,63,63,63,63,63,63,63,63,63,63,63","64,37,39,-48,-22,21,-37,-6,-14,257,250,-14,255,-40,-23,-37,240,231,228,256,227,231,242,236,251",NA,"11,11,46,50,15,28,31,44,18,5,5,61,5,1,8,21,55,55,55,55,55,55,55,55,55",2824,5,NA,NA,NA,NA,NA,NA,NA,NA,NA,NA,NA,NA,NA,NA,NA,NA,NA,NA,NA,NA,NA,NA,NA,NA,NA,NA,NA,NA,NA,NA,NA,NA,NA,NA,NA
11,NA,NA,5,NA,NA,NA,NA,NA,NA,NA,NA,NA,254,NA,0,"31,29,44,44,44,44,47,47,6,19,19,19,19,44,44,44,44,44,44,44,44,44,44,44,44","-35,-34,-23,20,22,-37,23,30,6,-21,29,8,28,31,-42,0,-7,-32,26,-6,-50,40,36,-39,-8",NA,"30,54,26,36,36,6,45,45,48,7,50,60,2,20,16,8,51,10,64,64,57,39,39,14,42",-35,3,NA,NA,NA,NA,NA,NA,NA,NA,NA,NA,NA,NA,NA,NA,NA,NA,NA,NA,NA,NA,NA,NA,NA,NA,NA,NA,NA,NA,NA,NA,NA,NA,NA,NA,NA
11,NA,NA,6,NA,NA,NA,NA,NA,NA,NA,NA,NA,1899,NA,0,"8,57,64,1,37,36,28,29,43,44,35,52,45,45,45,48,31,31,36,36,36,36,36,36,36","-50,-38,-2,-26,38,-39,-42,-52,-14,52,51,9,2,41,27,-37,41,-49,-8,21,45,-11,22,46,49",NA,"20,46,41,30,15,48,51,62,5,18,18,42,36,27,27,54,15,24,3,1,8,64,8,15,18",76,5,NA,NA,NA,NA,NA,NA,NA,NA,NA,NA,NA,NA,NA,NA,NA,NA,NA,NA,NA,NA,NA,NA,NA,NA,NA,NA,NA,NA,NA,NA,NA,NA,NA,NA,NA
11,NA,NA,7,NA,NA,NA,NA,NA,NA,NA,NA,NA,1912,NA,1,"45,54,46,47,48,55,39,38,30,37,53,61,52,60,60,60,60,60,60,60,60,60,60,60,60","52,51,-22,4,29,52,56,49,50,-45,-55,33,32,47,38,-26,46,-32,-48,15,-35,14,1,268,242",NA,"20,20,64,46,50,15,15,15,20,10,36,8,8,15,38,13,62,58,27,4,31,48,53,60,60",816,7,NA,NA,NA,NA,NA,NA,NA,NA,NA,NA,NA,NA,NA,NA,NA,NA,NA,NA,NA,NA,NA,NA,NA,NA,NA,NA,NA,NA,NA,NA,NA,5,NA,NA,NA
11,NA,NA,8,NA,NA,NA,NA,NA,NA,NA,NA,NA,1244,NA,1,"27,4,39,49,49,49,49,49,49,49,49,49,14,17,53,7,53,53,53,49,49,49,49,49,49","50,22,23,31,21,41,-7,-37,15,32,-29,41,41,52,65,27,-20,-15,20,49,51,52,48,5,-52",NA,"53,53,4,39,49,49,25,29,43,49,59,47,47,15,15,15,20,45,27,36,36,36,36,55,10",526,8,NA,NA,NA,NA,NA,NA,NA,NA,NA,NA,NA,NA,NA,NA,NA,NA,NA,NA,NA,NA,NA,NA,NA,NA,NA,NA,NA,NA,NA,NA,NA,NA,NA,NA,NA
11,NA,NA,9,NA,NA,NA,NA,NA,NA,NA,NA,NA,921,NA,0,"61,27,31,38,39,47,14,11,11,11,11,11,11,11,11,11,11,11,11,11,11,11,11,11,11","-28,-59,17,-6,3,-20,-51,19,-26,-37,-16,40,41,-53,36,37,31,-4,59,13,-44,4,37,54,45",NA,"28,64,8,1,57,51,39,45,13,18,61,24,24,48,16,32,40,31,23,22,21,20,23,24,14",92,1,NA,NA,NA,NA,NA,NA,NA,NA,NA,NA,NA,NA,NA,NA,NA,NA,NA,NA,NA,NA,NA,NA,NA,NA,NA,NA,NA,NA,NA,NA,NA,NA,NA,NA,NA
11,NA,NA,10,NA,NA,NA,NA,NA,NA,NA,NA,NA,343,NA,1,"28,64,40,41,13,8,40,40,40,40,40,40,25,51,44,58,57,57,57,57,57,57,57,57,58","35,248,248,234,232,245,244,236,245,236,236,246,241,237,232,-12,240,237,231,239,240,247,248,248,241",NA,"20,46,46,46,46,46,46,46,46,46,46,46,46,46,46,55,46,46,46,46,46,46,46,46,46",5554,3,NA,NA,NA,NA,NA,NA,NA,NA,NA,NA,NA,NA,NA,NA,NA,NA,NA,NA,NA,NA,NA,NA,NA,NA,NA,NA,NA,NA,NA,NA,NA,NA,NA,NA,NA
11,NA,NA,11,NA,NA,NA,NA,NA,NA,NA,NA,NA,468,NA,1,"6,54,46,45,28,28,28,51,28,28,25,41,35,34,42,42,42,42,28,28,28,28,28,42,42","-6,17,37,-22,-19,-18,49,58,50,69,63,68,50,16,54,-42,35,55,53,-39,-30,-46,-52,-21,6",NA,"30,51,10,15,55,36,28,28,28,42,42,42,42,46,12,26,13,12,12,40,59,57,64,8,2",385,9,NA,NA,NA,NA,NA,NA,NA,NA,NA,NA,NA,NA,NA,NA,NA,NA,NA,NA,NA,NA,NA,NA,NA,NA,NA,NA,NA,NA,NA,NA,NA,NA,NA,NA,NA
11,NA,NA,12,NA,NA,NA,NA,NA,NA,NA,NA,NA,1625,NA,1,"11,34,54,44,22,20,20,20,20,20,20,20,20,20,20,20,20,20,20,20,20,20,20,20,20","50,-9,-31,-38,59,59,51,28,-21,243,268,248,244,253,242,244,243,257,-13,-6,238,254,232,231,234",NA,"28,46,64,14,34,34,28,43,10,21,21,21,21,21,21,21,21,21,53,24,11,11,11,11,11",3560,6,NA,NA,NA,NA,NA,NA,NA,NA,NA,NA,NA,NA,NA,NA,NA,NA,NA,NA,NA,NA,NA,NA,NA,NA,NA,NA,NA,NA,NA,NA,NA,NA,NA,NA,NA
12,0,0,1,"esuoh",0,NA,NA,NA,NA,NA,NA,"1434,504,905,2195,468,800,343,1177,1912,254,1899,868",1434,0,1,"17,59,39,28,22,6,2,34,41,55,55,55,55,55,55,55,52,52,52,52,52,52,52,52,52","3,-1,23,-20,28,22,34,-2,38,-20,37,23,51,-44,-25,-35,-13,21,5,-21,36,-43,1,-40,-29",1,"38,26,14,51,8,55,1,57,24,11,47,36,53,4,22,34,40,44,13,28,7,61,54,18,64",29,5,0,7,0,3,2,2,2,NA,NA,NA,NA,NA,NA,NA,14,11,14,57,19,7,12,11,8,17,12,31,13,69,18,NA,NA,NA,NA,NA,NA
12,NA,NA,2,NA,NA,NA,NA,NA,NA,NA,NA,NA,504,NA,1,"28,36,29,37,11,51,51,51,51,51,51,51,51,51,51,51,51,51,51,51,51,51,51,51,51","51,-45,74,16,45,50,20,9,24,30,71,22,-5,60,54,49,-45,11,39,5,-55,36,55,261,54",NA,"5,27,39,42,2,5,54,59,2,21,39,11,15,52,52,39,37,17,49,6,19,24,24,64,48",886,2,NA,NA,NA,NA,NA,NA,NA,NA,NA,NA,NA,NA,NA,NA,NA,NA,NA,NA,NA,NA,NA,NA,NA,NA,NA,NA,NA,NA,NA,NA,NA,NA,NA,NA,NA
12,NA,NA,3,NA,NA,NA,NA,NA,NA,NA,NA,NA,905,NA,1,"37,37,34,34,34,34,34,20,20,20,20,20,20,20,20,20,20,20,20,20,20,20,20,20,20","46,-2,49,45,26,50,1,-9,-6,-33,0,-28,43,45,-25,-49,-54,238,28,-50,-49,6,59,23,-18",NA,"3,14,28,3,43,23,38,53,14,5,18,48,58,58,17,8,55,11,16,25,41,32,29,27,7",336,6,NA,NA,NA,NA,NA,NA,NA,NA,NA,NA,NA,NA,NA,NA,NA,NA,NA,NA,NA,NA,NA,NA,NA,NA,NA,NA,NA,NA,NA,NA,NA,NA,NA,NA,NA
12,NA,NA,4,NA,NA,NA,NA,NA,NA,NA,NA,NA,2195,NA,0,"64,57,8,8,8,21,21,21,21,21,21,21,18,18,18,18,18,21,21,21,21,21,21,21,21","6,64,-14,37,57,12,-2,-9,-45,-52,28,-23,-51,3,31,49,-22,25,26,34,31,-56,-25,65,29",NA,"5,26,23,44,47,50,11,8,53,2,9,27,33,64,39,47,40,36,36,44,42,43,34,26,18",198,2,NA,NA,NA,NA,NA,NA,NA,NA,NA,NA,NA,NA,NA,NA,NA,NA,NA,NA,NA,NA,NA,NA,NA,NA,NA,NA,NA,NA,NA,NA,NA,NA,NA,NA,NA
12,NA,NA,5,NA,NA,NA,NA,NA,NA,NA,NA,NA,468,NA,1,"6,54,46,45,28,28,28,51,28,28,25,41,35,34,42,42,42,42,28,28,28,28,28,42,42","-58,38,0,-7,-6,-36,-25,37,-52,-8,39,41,-52,34,-35,-35,-49,13,-13,-57,-21,29,-26,21,21",NA,"5,19,30,34,47,7,36,19,3,43,9,17,18,10,25,1,64,60,45,50,15,24,40,21,20",-207,9,NA,NA,NA,NA,NA,NA,NA,NA,NA,NA,NA,NA,NA,NA,NA,NA,NA,NA,NA,NA,NA,NA,NA,NA,NA,NA,NA,NA,NA,NA,NA,NA,NA,NA,NA
12,NA,NA,6,NA,NA,NA,NA,NA,NA,NA,NA,NA,800,NA,0,"36,35,34,11,11,11,11,11,11,11,11,11,11,11,11,11,11,11,11,11,11,11,11,11,11","-58,-29,22,-13,-63,20,52,6,48,19,-71,-10,-6,14,36,61,-14,36,-42,-21,-10,47,15,50,-2",NA,"21,35,40,53,55,7,2,9,2,11,18,33,1,8,16,24,31,32,48,44,37,50,58,49,57",87,1,NA,NA,NA,NA,NA,NA,NA,NA,NA,NA,NA,NA,NA,NA,NA,NA,NA,NA,NA,NA,NA,NA,NA,NA,NA,NA,NA,NA,NA,NA,NA,NA,NA,NA,NA
12,NA,NA,7,NA,NA,NA,NA,NA,NA,NA,NA,NA,343,NA,1,"28,64,40,41,13,8,40,40,40,40,40,40,25,51,44,58,57,57,57,57,57,57,57,57,58","51,-21,60,-62,-7,12,7,-25,45,34,-17,36,57,33,26,-15,38,54,56,52,-45,-5,-35,-36,242",NA,"5,27,24,39,15,29,44,55,2,1,10,2,24,16,32,22,11,25,41,35,37,43,26,33,58",535,3,NA,NA,NA,NA,NA,NA,NA,NA,NA,NA,NA,NA,NA,NA,NA,NA,NA,NA,NA,NA,NA,NA,NA,NA,NA,NA,NA,NA,NA,NA,NA,17,NA,NA,NA
12,NA,NA,8,NA,NA,NA,NA,NA,NA,NA,NA,NA,1177,NA,1,"63,63,22,22,44,35,58,54,54,54,54,54,37,38,38,38,38,38,38,48,20,19,27,27,27","-74,23,-50,13,-5,46,22,22,31,34,35,-40,37,-38,-19,53,31,29,47,56,-49,-10,40,-23,25",NA,"13,27,10,22,44,40,55,3,61,54,54,8,54,34,58,38,39,47,38,38,56,45,17,1,41",236,8,NA,NA,NA,NA,NA,NA,NA,NA,NA,NA,NA,NA,NA,NA,NA,NA,NA,NA,NA,NA,NA,NA,NA,NA,NA,NA,NA,NA,NA,NA,NA,NA,NA,NA,NA
12,NA,NA,9,NA,NA,NA,NA,NA,NA,NA,NA,NA,1912,NA,1,"45,54,46,47,48,55,39,38,30,37,53,61,52,60,60,60,60,60,60,60,60,60,60,60,60","-36,-49,1,34,49,-6,57,7,-24,34,9,37,262,-27,34,-47,-59,52,51,-22,34,25,34,-16,-34",NA,"14,27,46,50,40,24,2,9,11,25,46,4,57,64,5,41,36,2,40,9,25,4,5,51,61",400,7,NA,NA,NA,NA,NA,NA,NA,NA,NA,NA,NA,NA,NA,NA,NA,NA,NA,NA,NA,NA,NA,NA,NA,NA,NA,NA,NA,NA,NA,NA,NA,NA,NA,NA,NA
12,NA,NA,10,NA,NA,NA,NA,NA,NA,NA,NA,NA,254,NA,0,"31,29,44,44,44,44,47,47,6,19,19,19,19,44,44,44,44,44,44,44,44,44,44,44,44","-45,-35,21,20,24,36,34,-5,7,-52,-7,-9,44,45,8,-41,34,-51,-25,-64,46,41,-29,-1,63",NA,"14,27,41,1,8,56,58,17,24,53,11,51,39,55,62,40,29,57,25,28,55,55,44,31,39",59,3,NA,NA,NA,NA,NA,NA,NA,NA,NA,NA,NA,NA,NA,NA,NA,NA,NA,NA,NA,NA,NA,NA,NA,NA,NA,NA,NA,NA,NA,NA,NA,NA,NA,NA,NA
12,NA,NA,11,NA,NA,NA,NA,NA,NA,NA,NA,NA,1899,NA,0,"8,57,64,1,37,36,28,29,43,44,35,52,45,45,45,48,31,31,36,36,36,36,36,36,36","39,3,6,-42,36,-38,0,-56,-50,50,22,-18,-60,-35,-60,-7,-27,-15,36,35,-41,-2,39,34,-16",NA,"13,31,45,35,19,34,47,51,62,7,1,17,24,58,48,3,5,41,29,44,54,38,27,22,64",-167,5,NA,NA,NA,NA,NA,NA,NA,NA,NA,NA,NA,NA,NA,NA,NA,NA,NA,NA,NA,NA,NA,NA,NA,NA,NA,NA,NA,NA,NA,NA,NA,NA,NA,NA,NA
12,NA,NA,12,NA,NA,NA,NA,NA,NA,NA,NA,NA,868,NA,1,"31,27,38,14,9,41,41,41,41,62,58,9,9,9,9,9,9,9,9,9,9,9,9,9,9","28,-15,55,42,15,1,-15,19,34,7,-52,-37,47,-12,37,20,38,38,-37,60,63,35,-12,-35,58",NA,"13,27,10,10,2,18,9,49,23,39,45,28,4,6,10,20,16,63,54,10,10,10,56,43,59",382,4,NA,NA,NA,NA,NA,NA,NA,NA,NA,NA,NA,NA,NA,NA,NA,NA,NA,NA,NA,NA,NA,NA,NA,NA,NA,NA,NA,NA,NA,NA,NA,NA,NA,NA,NA
13,0,0,1,"esuoh",0,NA,NA,NA,NA,NA,NA,"1650,468,1912,332,795,921,408,838,905,376,1244,1599",1650,0,1,"22,35,37,52,19,34,34,34,34,34,34,34,34,34,34,34,34,34,34,34,34,34,34,34,34","-6,1,-58,-8,-64,-16,50,30,51,-13,23,-33,28,57,22,20,-32,-68,18,49,48,48,13,42,6",0,"13,23,37,38,53,28,1,1,1,8,16,32,33,33,16,16,56,62,59,35,35,35,42,49,51",208,2,0,6,0,3,2,2,2,NA,NA,NA,NA,NA,NA,NA,11,5,15,31,18,6,11,16,5,17,12,27,9,58,24,NA,NA,NA,NA,NA,NA
13,NA,NA,2,NA,NA,NA,NA,NA,NA,NA,NA,NA,468,NA,1,"6,54,46,45,28,28,28,51,28,28,25,41,35,34,42,42,42,42,28,28,28,28,28,42,42","-22,-47,17,12,-18,1,-1,6,18,42,16,-21,-31,1,-2,19,44,22,20,21,49,37,-38,-51,57",NA,"15,32,37,44,45,44,44,44,51,28,44,55,48,35,34,35,37,21,21,21,16,9,1,3,42",151,9,NA,NA,NA,NA,NA,NA,NA,NA,NA,NA,NA,NA,NA,NA,NA,NA,NA,NA,NA,NA,NA,NA,NA,NA,NA,NA,NA,NA,NA,NA,NA,NA,NA,NA,NA
13,NA,NA,3,NA,NA,NA,NA,NA,NA,NA,NA,NA,1912,NA,1,"45,54,46,47,48,55,39,38,30,37,53,61,52,60,60,60,60,60,60,60,60,60,60,60,60","-50,9,-18,18,22,-2,1,41,29,-52,-5,37,-64,-31,249,-20,-23,10,35,251,14,13,-7,34,-25",NA,"22,45,54,45,47,48,55,15,12,30,11,25,41,35,60,32,55,55,5,60,17,17,1,3,64",466,7,NA,NA,NA,NA,NA,NA,NA,NA,NA,NA,NA,NA,NA,NA,NA,NA,NA,NA,NA,NA,NA,NA,NA,NA,NA,NA,NA,NA,NA,NA,NA,NA,NA,NA,NA
13,NA,NA,4,NA,NA,NA,NA,NA,NA,NA,NA,NA,332,NA,1,"28,14,10,10,10,10,10,10,53,30,43,26,26,12,63,63,63,63,63,63,63,63,63,63,63","36,51,-53,62,-9,45,36,40,7,7,9,-55,-5,71,29,-34,52,-4,19,-45,31,-49,8,12,15",NA,"23,32,16,11,35,11,11,11,14,14,14,47,44,27,9,25,64,22,46,60,58,41,49,49,51",276,5,NA,NA,NA,NA,NA,NA,NA,NA,NA,NA,NA,NA,NA,NA,NA,NA,NA,NA,NA,NA,NA,NA,NA,NA,NA,NA,NA,NA,NA,NA,NA,NA,NA,NA,NA
13,NA,NA,5,NA,NA,NA,NA,NA,NA,NA,NA,NA,795,NA,1,"27,27,27,27,27,27,27,27,27,27,22,30,46,46,22,45,45,45,45,45,45,45,45,45,45","50,-59,-24,19,17,-59,-55,6,7,281,64,68,-40,38,31,21,41,-45,240,17,-49,46,-25,-31,2",NA,"5,28,38,48,47,28,28,61,61,58,25,23,31,1,8,64,57,33,46,21,13,11,9,10,18",561,3,NA,NA,NA,NA,NA,NA,NA,NA,NA,NA,NA,NA,NA,NA,NA,NA,NA,NA,NA,NA,NA,NA,NA,NA,NA,NA,NA,NA,NA,NA,NA,NA,NA,NA,NA
13,NA,NA,6,NA,NA,NA,NA,NA,NA,NA,NA,NA,921,NA,0,"61,27,31,38,39,47,14,11,11,11,11,11,11,11,11,11,11,11,11,11,11,11,11,11,11","23,-36,-1,-7,-50,-5,-56,35,28,43,48,34,-7,-10,-33,-34,-54,14,15,-30,13,27,-60,26,14",NA,"8,64,57,1,39,40,21,16,12,4,2,12,15,31,37,27,17,43,43,61,59,58,48,8,8",-63,1,NA,NA,NA,NA,NA,NA,NA,NA,NA,NA,NA,NA,NA,NA,NA,NA,NA,NA,NA,NA,NA,NA,NA,NA,NA,NA,NA,NA,NA,NA,NA,NA,NA,NA,NA
13,NA,NA,7,NA,NA,NA,NA,NA,NA,NA,NA,NA,408,NA,0,"24,45,8,15,22,29,1,10,57,33,25,13,6,48,55,6,6,6,6,6,6,6,6,6,6","30,10,5,-23,20,20,-27,-64,37,-38,-41,-8,-60,-34,26,-27,56,33,-6,-20,35,-40,-54,52,3",NA,"8,64,57,9,1,23,30,46,11,48,34,26,14,6,32,56,7,4,3,2,15,16,24,37,39",-115,5,NA,NA,NA,NA,NA,NA,NA,NA,NA,NA,NA,NA,NA,NA,NA,NA,NA,NA,NA,NA,NA,NA,NA,NA,NA,NA,NA,NA,NA,NA,NA,3,NA,NA,NA
13,NA,NA,8,NA,NA,NA,NA,NA,NA,NA,NA,NA,838,NA,0,"30,30,30,30,30,30,30,44,44,44,44,44,44,44,55,18,18,18,18,18,18,18,18,18,18","-7,-9,35,35,-46,0,-20,8,48,37,-17,34,8,11,6,1,40,38,60,-28,-15,-8,13,30,36",NA,"8,64,31,19,2,5,5,5,45,31,32,31,5,5,5,5,48,18,22,5,5,5,5,19,31",290,2,NA,NA,NA,NA,NA,NA,NA,NA,NA,NA,NA,NA,NA,NA,NA,NA,NA,NA,NA,NA,NA,NA,NA,NA,NA,NA,NA,NA,NA,NA,NA,NA,NA,NA,NA
13,NA,NA,9,NA,NA,NA,NA,NA,NA,NA,NA,NA,905,NA,1,"37,37,34,34,34,34,34,20,20,20,20,20,20,20,20,20,20,20,20,20,20,20,20,20,20","-52,9,11,-46,22,-55,3,-1,4,271,13,1,3,252,248,266,251,271,265,267,258,261,265,247,246",NA,"8,38,38,64,35,25,38,38,38,21,38,38,38,21,21,21,21,21,21,21,21,21,21,21,21",3280,6,NA,NA,NA,NA,NA,NA,NA,NA,NA,NA,NA,NA,NA,NA,NA,NA,NA,NA,NA,NA,NA,NA,NA,NA,NA,NA,NA,NA,NA,NA,NA,NA,NA,NA,NA
13,NA,NA,10,NA,NA,NA,NA,NA,NA,NA,NA,NA,376,NA,1,"30,30,30,30,30,30,28,19,19,19,35,36,36,36,36,36,36,36,36,36,36,36,36,36,36","49,37,51,35,51,50,48,49,49,48,51,50,48,49,50,49,51,51,49,49,49,51,52,50,50",NA,"64,31,31,31,64,64,64,64,64,64,64,64,64,64,64,64,64,64,64,64,64,37,37,37,37",1216,4,NA,NA,NA,NA,NA,NA,NA,NA,NA,NA,NA,NA,NA,NA,NA,NA,NA,NA,NA,NA,NA,NA,NA,NA,NA,NA,NA,NA,NA,NA,NA,NA,NA,NA,NA
13,NA,NA,11,NA,NA,NA,NA,NA,NA,NA,NA,NA,1244,NA,1,"27,4,39,49,49,49,49,49,49,49,49,49,14,17,53,7,53,53,53,49,49,49,49,49,49","-19,50,49,52,49,28,36,52,49,52,52,48,51,50,48,48,50,38,48,52,48,51,48,50,50",NA,"8,57,57,57,57,49,49,57,57,57,57,57,57,57,57,53,53,53,57,57,57,57,57,57,57",1130,8,NA,NA,NA,NA,NA,NA,NA,NA,NA,NA,NA,NA,NA,NA,NA,NA,NA,NA,NA,NA,NA,NA,NA,NA,NA,NA,NA,NA,NA,NA,NA,NA,NA,NA,NA
13,NA,NA,12,NA,NA,NA,NA,NA,NA,NA,NA,NA,1599,NA,0,"22,35,45,19,15,50,51,43,34,25,34,34,34,34,34,34,34,34,34,34,34,34,34,34,34","-10,17,42,36,26,-32,37,-59,7,15,8,17,51,49,48,46,50,52,57,53,50,59,52,43,47",NA,"64,8,8,8,20,16,8,52,8,20,20,20,35,35,35,35,35,35,35,35,35,35,35,35,35",761,3,NA,NA,NA,NA,NA,NA,NA,NA,NA,NA,NA,NA,NA,NA,NA,NA,NA,NA,NA,NA,NA,NA,NA,NA,NA,NA,NA,NA,NA,NA,NA,NA,NA,NA,NA
14,0,0,1,"esuoh",0,NA,NA,NA,NA,NA,NA,"2195,1244,408,468,504,905,800,1599,1434,1912,868,343",2195,0,0,"64,57,8,8,8,21,21,21,21,21,21,21,18,18,18,18,18,21,21,21,21,21,21,21,21","51,48,48,49,49,51,49,52,49,51,52,52,51,43,51,51,37,13,49,49,48,50,51,51,49",0,"54,54,54,54,54,54,54,54,54,22,22,22,22,22,54,54,19,19,54,54,54,54,54,54,54",1194,2,0,1,0,3,2,2,2,NA,NA,NA,NA,NA,NA,NA,13,9,10,20,14,8,11,15,5,17,16,24,13,14,16,NA,NA,NA,NA,NA,NA
14,NA,NA,2,NA,NA,NA,NA,NA,NA,NA,NA,NA,1244,NA,1,"27,4,39,49,49,49,49,49,49,49,49,49,14,17,53,7,53,53,53,49,49,49,49,49,49","-55,18,1,11,45,44,40,28,40,47,47,25,27,41,34,29,46,39,23,22,48,30,46,46,30",NA,"64,27,43,39,49,49,49,49,49,49,49,49,49,49,49,49,49,49,53,53,53,49,49,49,49",752,8,NA,NA,NA,NA,NA,NA,NA,NA,NA,NA,NA,NA,NA,NA,NA,NA,NA,NA,NA,NA,NA,NA,NA,NA,NA,NA,NA,NA,NA,NA,NA,NA,NA,NA,NA
14,NA,NA,3,NA,NA,NA,NA,NA,NA,NA,NA,NA,408,NA,0,"24,45,8,15,22,29,1,10,57,33,25,13,6,48,55,6,6,6,6,6,6,6,6,6,6","-3,-34,-71,-23,-44,-22,53,48,54,41,41,48,59,42,55,54,53,43,53,49,48,45,47,48,54",NA,"50,52,46,9,16,31,37,37,37,37,37,37,37,37,37,37,37,37,7,7,7,7,7,7,7",738,5,NA,NA,NA,NA,NA,NA,NA,NA,NA,NA,NA,NA,NA,NA,NA,NA,NA,NA,NA,NA,NA,NA,NA,NA,NA,NA,NA,NA,NA,NA,NA,NA,NA,NA,NA
14,NA,NA,4,NA,NA,NA,NA,NA,NA,NA,NA,NA,468,NA,1,"6,54,46,45,28,28,28,51,28,28,25,41,35,34,42,42,42,42,28,28,28,28,28,42,42","49,61,62,44,36,54,52,59,52,43,42,63,63,64,55,42,44,41,42,38,37,48,63,35,40",NA,"27,27,27,27,27,27,27,28,28,28,28,27,27,27,27,27,27,27,27,27,27,27,27,27,27",1229,9,NA,NA,NA,NA,NA,NA,NA,NA,NA,NA,NA,NA,NA,NA,NA,NA,NA,NA,NA,NA,NA,NA,NA,NA,NA,NA,NA,NA,NA,NA,NA,NA,NA,NA,NA
14,NA,NA,5,NA,NA,NA,NA,NA,NA,NA,NA,NA,504,NA,1,"28,36,29,37,11,51,51,51,51,51,51,51,51,51,51,51,51,51,51,51,51,51,51,51,51","-30,-5,-46,-38,263,260,260,264,262,261,263,263,262,260,262,263,264,263,263,263,263,263,263,263,260",NA,"12,36,37,50,64,64,64,64,64,64,64,64,64,64,64,64,64,64,64,64,64,64,64,64,64",5389,2,NA,NA,NA,NA,NA,NA,NA,NA,NA,NA,NA,NA,NA,NA,NA,NA,NA,NA,NA,NA,NA,NA,NA,NA,NA,NA,NA,NA,NA,NA,NA,NA,NA,NA,NA
14,NA,NA,6,NA,NA,NA,NA,NA,NA,NA,NA,NA,905,NA,1,"37,37,34,34,34,34,34,20,20,20,20,20,20,20,20,20,20,20,20,20,20,20,20,20,20","9,0,-27,37,22,36,35,-26,12,39,-50,-20,-48,-8,36,45,32,43,48,28,44,41,45,24,22",NA,"38,53,52,50,35,50,50,17,20,22,8,1,57,46,23,23,23,23,23,23,23,23,23,23,23",419,6,NA,NA,NA,NA,NA,NA,NA,NA,NA,NA,NA,NA,NA,NA,NA,NA,NA,NA,NA,NA,NA,NA,NA,NA,NA,NA,NA,NA,NA,NA,NA,NA,NA,NA,NA
14,NA,NA,7,NA,NA,NA,NA,NA,NA,NA,NA,NA,800,NA,0,"36,35,34,11,11,11,11,11,11,11,11,11,11,11,11,11,11,11,11,11,11,11,11,11,11","22,30,10,25,-41,53,68,34,52,29,42,28,69,39,65,55,70,72,47,40,57,42,41,30,26",NA,"47,45,43,34,60,12,12,12,12,12,12,12,12,12,12,12,12,12,12,12,12,12,12,12,12",1005,1,NA,NA,NA,NA,NA,NA,NA,NA,NA,NA,NA,NA,NA,NA,NA,NA,NA,NA,NA,NA,NA,NA,NA,NA,NA,NA,NA,NA,NA,NA,NA,20,NA,NA,NA
14,NA,NA,8,NA,NA,NA,NA,NA,NA,NA,NA,NA,1599,NA,0,"22,35,45,19,15,50,51,43,34,25,34,34,34,34,34,34,34,34,34,34,34,34,34,34,34","21,23,-41,-58,-38,4,-14,32,-22,-36,-14,48,49,60,50,45,56,58,56,50,58,59,54,52,45",NA,"36,45,54,52,28,7,64,17,42,30,10,35,35,35,35,35,35,35,35,35,35,35,35,35,35",597,3,NA,NA,NA,NA,NA,NA,NA,NA,NA,NA,NA,NA,NA,NA,NA,NA,NA,NA,NA,NA,NA,NA,NA,NA,NA,NA,NA,NA,NA,NA,NA,NA,NA,NA,NA
14,NA,NA,9,NA,NA,NA,NA,NA,NA,NA,NA,NA,1434,NA,1,"17,59,39,28,22,6,2,34,41,55,55,55,55,55,55,55,52,52,52,52,52,52,52,52,52","-8,29,46,29,58,31,58,36,26,72,61,71,28,48,71,62,70,59,36,38,44,49,49,51,62",NA,"44,29,39,39,39,39,39,39,39,39,39,39,56,56,39,39,39,39,39,39,39,53,53,53,39",1176,5,NA,NA,NA,NA,NA,NA,NA,NA,NA,NA,NA,NA,NA,NA,NA,NA,NA,NA,NA,NA,NA,NA,NA,NA,NA,NA,NA,NA,NA,NA,NA,NA,NA,NA,NA
14,NA,NA,10,NA,NA,NA,NA,NA,NA,NA,NA,NA,1912,NA,1,"45,54,46,47,48,55,39,38,30,37,53,61,52,60,60,60,60,60,60,60,60,60,60,60,60","-34,-49,73,69,40,45,51,28,55,70,62,56,57,31,67,260,260,246,264,267,248,255,262,262,242",NA,"14,36,62,62,62,62,62,62,62,62,62,62,62,62,62,60,60,60,60,60,60,60,60,60,60",3187,7,NA,NA,NA,NA,NA,NA,NA,NA,NA,NA,NA,NA,NA,NA,NA,NA,NA,NA,NA,NA,NA,NA,NA,NA,NA,NA,NA,NA,NA,NA,NA,NA,NA,NA,NA
14,NA,NA,11,NA,NA,NA,NA,NA,NA,NA,NA,NA,868,NA,1,"31,27,38,14,9,41,41,41,41,62,58,9,9,9,9,9,9,9,9,9,9,9,9,9,9","-7,7,-12,34,12,26,21,10,8,7,46,45,25,27,42,52,41,36,64,73,72,59,33,69,49",NA,"38,52,42,13,13,13,13,13,13,13,63,63,63,63,63,10,10,10,10,10,10,10,10,10,10",839,4,NA,NA,NA,NA,NA,NA,NA,NA,NA,NA,NA,NA,NA,NA,NA,NA,NA,NA,NA,NA,NA,NA,NA,NA,NA,NA,NA,NA,NA,NA,NA,NA,NA,NA,NA
14,NA,NA,12,NA,NA,NA,NA,NA,NA,NA,NA,NA,343,NA,1,"28,64,40,41,13,8,40,40,40,40,40,40,25,51,44,58,57,57,57,57,57,57,57,57,58","14,6,18,-51,-19,44,57,64,30,54,59,53,59,49,54,37,52,53,264,250,263,264,249,288,274",NA,"29,36,17,42,62,23,23,23,23,23,23,23,23,23,23,23,23,23,58,58,58,58,58,58,58",2485,3,NA,NA,NA,NA,NA,NA,NA,NA,NA,NA,NA,NA,NA,NA,NA,NA,NA,NA,NA,NA,NA,NA,NA,NA,NA,NA,NA,NA,NA,NA,NA,NA,NA,NA,NA
15,0,0,1,"esuoh",0,NA,NA,NA,NA,NA,NA,"838,1650,1625,376,1639,1899,1177,1912,1599,332,800,795",838,0,0,"30,30,30,30,30,30,30,44,44,44,44,44,44,44,55,18,18,18,18,18,18,18,18,18,18","-26,-42,6,15,-44,22,53,36,63,56,34,41,62,45,41,28,73,49,70,37,69,26,52,32,32",1,"22,4,28,39,33,44,48,48,48,48,48,48,48,48,48,48,48,48,48,48,48,48,48,48,48",830,2,0,1,0,3,2,2,2,NA,NA,NA,NA,NA,NA,NA,19,7,13,40,22,8,15,22,11,23,11,28,14,59,19,NA,NA,NA,NA,NA,NA
15,NA,NA,2,NA,NA,NA,NA,NA,NA,NA,NA,NA,1650,NA,1,"22,35,37,52,19,34,34,34,34,34,34,34,34,34,34,34,34,34,34,34,34,34,34,34,34","15,-7,-36,0,9,38,-10,48,50,51,48,51,52,49,48,51,50,51,51,49,49,48,49,50,50",NA,"31,13,27,38,63,17,42,35,35,35,35,35,35,35,35,35,35,35,35,35,35,35,35,35,35",904,2,NA,NA,NA,NA,NA,NA,NA,NA,NA,NA,NA,NA,NA,NA,NA,NA,NA,NA,NA,NA,NA,NA,NA,NA,NA,NA,NA,NA,NA,NA,NA,NA,NA,NA,NA
15,NA,NA,3,NA,NA,NA,NA,NA,NA,NA,NA,NA,1625,NA,1,"11,34,54,44,22,20,20,20,20,20,20,20,20,20,20,20,20,20,20,20,20,20,20,20,20","17,-31,-36,49,5,260,250,266,251,267,268,249,270,268,261,244,243,242,253,245,262,253,242,253,244",NA,"16,57,63,2,17,21,21,21,21,21,21,21,21,21,21,21,21,21,21,21,21,21,21,21,21",5095,6,NA,NA,NA,NA,NA,NA,NA,NA,NA,NA,NA,NA,NA,NA,NA,NA,NA,NA,NA,NA,NA,NA,NA,NA,NA,NA,NA,NA,NA,NA,NA,NA,NA,NA,NA
15,NA,NA,4,NA,NA,NA,NA,NA,NA,NA,NA,NA,376,NA,1,"30,30,30,30,30,30,28,19,19,19,35,36,36,36,36,36,36,36,36,36,36,36,36,36,36","249,260,245,265,267,262,259,246,245,252,270,262,269,253,267,267,265,252,257,259,261,255,266,247,261",NA,"22,22,22,22,22,22,22,22,22,22,22,22,22,22,22,22,22,22,22,22,22,22,22,22,22",6461,4,NA,NA,NA,NA,NA,NA,NA,NA,NA,NA,NA,NA,NA,NA,NA,NA,NA,NA,NA,NA,NA,NA,NA,NA,NA,NA,NA,NA,NA,NA,NA,NA,NA,NA,NA
15,NA,NA,5,NA,NA,NA,NA,NA,NA,NA,NA,NA,1639,NA,1,"16,41,5,9,9,9,9,9,9,16,16,16,16,16,16,45,20,1,7,16,16,39,60,35,16","9,23,230,252,236,229,250,227,244,232,255,233,235,233,244,254,249,254,232,248,245,253,250,228,252",NA,"22,21,23,23,23,23,23,23,23,23,23,23,23,23,23,23,23,23,23,23,23,23,23,23,23",5597,9,NA,NA,NA,NA,NA,NA,NA,NA,NA,NA,NA,NA,NA,NA,NA,NA,NA,NA,NA,NA,NA,NA,NA,NA,NA,NA,NA,NA,NA,NA,NA,NA,NA,NA,NA
15,NA,NA,6,NA,NA,NA,NA,NA,NA,NA,NA,NA,1899,NA,0,"8,57,64,1,37,36,28,29,43,44,35,52,45,45,45,48,31,31,36,36,36,36,36,36,36","-46,20,35,-9,51,-49,51,35,44,51,68,34,42,34,54,32,58,58,52,73,46,50,48,55,48",NA,"24,23,22,25,21,20,21,29,13,12,12,12,12,12,12,12,12,12,12,12,12,37,21,37,37",935,5,NA,NA,NA,NA,NA,NA,NA,NA,NA,NA,NA,NA,NA,NA,NA,NA,NA,NA,NA,NA,NA,NA,NA,NA,NA,NA,NA,NA,NA,NA,NA,NA,NA,NA,NA
15,NA,NA,7,NA,NA,NA,NA,NA,NA,NA,NA,NA,1177,NA,1,"63,63,22,22,44,35,58,54,54,54,54,54,37,38,38,38,38,38,38,48,20,19,27,27,27","13,16,0,-1,238,248,242,238,238,251,245,243,241,235,243,237,238,245,243,250,237,240,248,245,247",NA,"24,22,25,21,23,23,23,23,23,23,23,23,23,23,23,23,23,23,23,23,23,23,23,23,23",5120,8,NA,NA,NA,NA,NA,NA,NA,NA,NA,NA,NA,NA,NA,NA,NA,NA,NA,NA,NA,NA,NA,NA,NA,NA,NA,NA,NA,NA,NA,NA,NA,4,NA,NA,NA
15,NA,NA,8,NA,NA,NA,NA,NA,NA,NA,NA,NA,1912,NA,1,"45,54,46,47,48,55,39,38,30,37,53,61,52,60,60,60,60,60,60,60,60,60,60,60,60","21,-6,-53,35,18,8,-29,49,-32,9,9,52,51,50,50,52,255,252,267,252,269,262,254,259,263",NA,"23,24,22,25,47,18,21,20,19,28,17,20,20,20,20,20,60,60,60,60,60,60,60,60,60",2617,7,NA,NA,NA,NA,NA,NA,NA,NA,NA,NA,NA,NA,NA,NA,NA,NA,NA,NA,NA,NA,NA,NA,NA,NA,NA,NA,NA,NA,NA,NA,NA,NA,NA,NA,NA
15,NA,NA,9,NA,NA,NA,NA,NA,NA,NA,NA,NA,1599,NA,0,"22,35,45,19,15,50,51,43,34,25,34,34,34,34,34,34,34,34,34,34,34,34,34,34,34","-50,-8,9,23,12,-44,49,-9,-38,23,-34,70,74,42,41,47,35,52,48,52,49,52,51,50,49",NA,"23,22,24,46,20,18,19,21,44,17,27,29,29,29,35,29,29,19,19,19,19,19,19,19,19",645,3,NA,NA,NA,NA,NA,NA,NA,NA,NA,NA,NA,NA,NA,NA,NA,NA,NA,NA,NA,NA,NA,NA,NA,NA,NA,NA,NA,NA,NA,NA,NA,NA,NA,NA,NA
15,NA,NA,10,NA,NA,NA,NA,NA,NA,NA,NA,NA,332,NA,1,"28,14,10,10,10,10,10,10,53,30,43,26,26,12,63,63,63,63,63,63,63,63,63,63,63","-36,36,-3,-36,-21,42,64,52,37,10,-64,20,72,46,27,34,37,49,48,51,51,52,48,48,50",NA,"24,23,22,21,18,11,11,11,11,20,31,28,27,27,27,23,11,64,64,64,64,64,64,64,64",714,5,NA,NA,NA,NA,NA,NA,NA,NA,NA,NA,NA,NA,NA,NA,NA,NA,NA,NA,NA,NA,NA,NA,NA,NA,NA,NA,NA,NA,NA,NA,NA,NA,NA,NA,NA
15,NA,NA,11,NA,NA,NA,NA,NA,NA,NA,NA,NA,800,NA,0,"36,35,34,11,11,11,11,11,11,11,11,11,11,11,11,11,11,11,11,11,11,11,11,11,11","10,-54,30,48,13,75,62,53,40,48,48,57,41,51,36,74,58,47,26,57,57,54,36,40,37",NA,"22,21,23,24,20,12,12,12,12,24,24,24,24,24,24,12,12,12,12,24,24,24,24,24,24",1044,1,NA,NA,NA,NA,NA,NA,NA,NA,NA,NA,NA,NA,NA,NA,NA,NA,NA,NA,NA,NA,NA,NA,NA,NA,NA,NA,NA,NA,NA,NA,NA,NA,NA,NA,NA
15,NA,NA,12,NA,NA,NA,NA,NA,NA,NA,NA,NA,795,NA,1,"27,27,27,27,27,27,27,27,27,27,22,30,46,46,22,45,45,45,45,45,45,45,45,45,45","47,-31,64,-60,64,24,35,-50,-10,36,26,55,63,52,46,50,46,-38,50,47,48,242,245,233,245",NA,"23,22,24,28,24,21,20,19,18,24,23,24,24,24,24,24,24,31,24,24,24,46,46,46,46",1529,3,NA,NA,NA,NA,NA,NA,NA,NA,NA,NA,NA,NA,NA,NA,NA,NA,NA,NA,NA,NA,NA,NA,NA,NA,NA,NA,NA,NA,NA,NA,NA,NA,NA,NA,NA
16,0,0,1,"esuoh",0,NA,NA,NA,NA,NA,NA,"1650,1625,408,2195,332,795,1639,376,921,1244,254,335",1650,0,1,"22,35,37,52,19,34,34,34,34,34,34,34,34,34,34,34,34,34,34,34,34,34,34,34,34","21,29,-6,-5,-11,6,-17,6,5,49,51,51,46,10,20,43,57,33,-37,44,-49,-13,-3,-25,60",0,"2,59,13,38,8,42,42,63,23,35,35,35,17,17,17,17,48,61,12,52,19,6,29,43,49",365,2,0,5,0,3,2,2,2,NA,NA,NA,NA,NA,NA,NA,8,24,9,12,25,7,22,11,3,9,5,18,4,7,24,NA,NA,NA,NA,NA,NA
16,NA,NA,2,NA,NA,NA,NA,NA,NA,NA,NA,NA,1625,NA,1,"11,34,54,44,22,20,20,20,20,20,20,20,20,20,20,20,20,20,20,20,20,20,20,20,20","26,-17,232,36,246,253,245,228,227,256,256,251,239,234,237,233,250,245,255,230,236,228,255,230,230",NA,"23,42,11,39,11,11,11,11,11,11,11,11,11,11,11,11,11,11,11,11,11,11,11,11,11",5341,6,NA,NA,NA,NA,NA,NA,NA,NA,NA,NA,NA,NA,NA,NA,NA,NA,NA,NA,NA,NA,NA,NA,NA,NA,NA,NA,NA,NA,NA,NA,NA,NA,NA,NA,NA
16,NA,NA,3,NA,NA,NA,NA,NA,NA,NA,NA,NA,408,NA,0,"24,45,8,15,22,29,1,10,57,33,25,13,6,48,55,6,6,6,6,6,6,6,6,6,6","33,-11,-21,-23,25,35,-9,-48,5,50,21,25,38,11,28,-24,-26,20,-31,-4,-31,48,-22,54,60",NA,"15,40,59,9,12,44,26,46,42,21,23,63,11,39,27,5,2,61,49,25,30,18,51,55,55",203,5,NA,NA,NA,NA,NA,NA,NA,NA,NA,NA,NA,NA,NA,NA,NA,NA,NA,NA,NA,NA,NA,NA,NA,NA,NA,NA,NA,NA,NA,NA,NA,NA,NA,NA,NA
16,NA,NA,4,NA,NA,NA,NA,NA,NA,NA,NA,NA,2195,NA,0,"64,57,8,8,8,21,21,21,21,21,21,21,18,18,18,18,18,21,21,21,21,21,21,21,21","44,7,38,43,11,31,-17,-7,30,41,-43,22,14,-42,-50,-6,37,18,-60,-9,-49,39,-21,-38,-35",NA,"18,14,46,51,28,63,34,11,39,22,53,57,17,41,24,13,44,19,2,60,6,56,40,25,37",-2,2,NA,NA,NA,NA,NA,NA,NA,NA,NA,NA,NA,NA,NA,NA,NA,NA,NA,NA,NA,NA,NA,NA,NA,NA,NA,NA,NA,NA,NA,NA,NA,NA,NA,NA,NA
16,NA,NA,5,NA,NA,NA,NA,NA,NA,NA,NA,NA,332,NA,1,"28,14,10,10,10,10,10,10,53,30,43,26,26,12,63,63,63,63,63,63,63,63,63,63,63","9,-54,-33,47,12,-39,56,10,-42,-37,-20,-21,54,11,-59,52,59,48,-40,53,10,-1,-29,6,60",NA,"59,16,17,54,19,47,11,49,36,21,61,8,27,51,31,53,26,64,1,32,33,6,37,14,26",112,5,NA,NA,NA,NA,NA,NA,NA,NA,NA,NA,NA,NA,NA,NA,NA,NA,NA,NA,NA,NA,NA,NA,NA,NA,NA,NA,NA,NA,NA,NA,NA,NA,NA,NA,NA
16,NA,NA,6,NA,NA,NA,NA,NA,NA,NA,NA,NA,795,NA,1,"27,27,27,27,27,27,27,27,27,27,22,30,46,46,22,45,45,45,45,45,45,45,45,45,45","-21,-52,56,-47,9,28,-23,32,10,-9,-1,50,-19,29,37,-37,-26,-50,-40,-3,47,51,39,-13,8",NA,"55,19,41,28,61,32,14,17,59,3,48,35,38,57,23,26,53,42,13,30,41,35,16,10,44",55,3,NA,NA,NA,NA,NA,NA,NA,NA,NA,NA,NA,NA,NA,NA,NA,NA,NA,NA,NA,NA,NA,NA,NA,NA,NA,NA,NA,NA,NA,NA,NA,NA,NA,NA,NA
16,NA,NA,7,NA,NA,NA,NA,NA,NA,NA,NA,NA,1639,NA,1,"16,41,5,9,9,9,9,9,9,16,16,16,16,16,16,45,20,1,7,16,16,39,60,35,16","27,240,240,237,230,239,242,236,247,234,248,228,229,230,238,244,235,238,238,255,235,233,239,240,251",NA,"51,23,23,23,23,23,23,23,23,23,23,23,23,23,23,23,23,23,23,23,23,23,23,23,23",5753,9,NA,NA,NA,NA,NA,NA,NA,NA,NA,NA,NA,NA,NA,NA,NA,NA,NA,NA,NA,NA,NA,NA,NA,NA,NA,NA,NA,NA,NA,NA,NA,3,NA,NA,NA
16,NA,NA,8,NA,NA,NA,NA,NA,NA,NA,NA,NA,376,NA,1,"30,30,30,30,30,30,28,19,19,19,35,36,36,36,36,36,36,36,36,36,36,36,36,36,36","-4,-34,-50,35,3,50,-31,37,-12,23,32,14,-29,27,40,-35,13,49,13,-27,60,8,2,-51,57",NA,"18,54,43,23,3,37,56,16,30,33,59,20,47,9,14,1,61,63,49,27,12,39,25,7,21",190,4,NA,NA,NA,NA,NA,NA,NA,NA,NA,NA,NA,NA,NA,NA,NA,NA,NA,NA,NA,NA,NA,NA,NA,NA,NA,NA,NA,NA,NA,NA,NA,NA,NA,NA,NA
16,NA,NA,9,NA,NA,NA,NA,NA,NA,NA,NA,NA,921,NA,0,"61,27,31,38,39,47,14,11,11,11,11,11,11,11,11,11,11,11,11,11,11,11,11,11,11","-54,-8,14,23,69,11,-51,-20,-23,12,36,21,5,16,-9,-50,-37,13,36,-34,-18,44,61,33,51",NA,"48,26,22,52,10,7,54,29,51,23,12,58,62,43,1,39,35,56,45,27,13,4,10,10,49",141,1,NA,NA,NA,NA,NA,NA,NA,NA,NA,NA,NA,NA,NA,NA,NA,NA,NA,NA,NA,NA,NA,NA,NA,NA,NA,NA,NA,NA,NA,NA,NA,NA,NA,NA,NA
16,NA,NA,10,NA,NA,NA,NA,NA,NA,NA,NA,NA,1244,NA,1,"27,4,39,49,49,49,49,49,49,49,49,49,14,17,53,7,53,53,53,49,49,49,49,49,49","-26,2,21,261,258,245,254,262,264,257,251,265,267,258,270,243,246,255,254,244,252,246,259,245,260",NA,"59,22,33,46,46,46,46,46,46,46,46,46,46,46,46,46,46,46,46,46,46,46,46,46,46",5613,8,NA,NA,NA,NA,NA,NA,NA,NA,NA,NA,NA,NA,NA,NA,NA,NA,NA,NA,NA,NA,NA,NA,NA,NA,NA,NA,NA,NA,NA,NA,NA,NA,NA,NA,NA
16,NA,NA,11,NA,NA,NA,NA,NA,NA,NA,NA,NA,254,NA,0,"31,29,44,44,44,44,47,47,6,19,19,19,19,44,44,44,44,44,44,44,44,44,44,44,44","37,-22,-36,-49,63,-21,3,11,-28,57,34,20,51,-51,-6,48,46,56,13,25,45,-11,35,58,45",NA,"56,26,14,52,39,10,41,62,16,3,58,63,35,23,51,55,60,39,60,20,45,32,39,35,35",423,3,NA,NA,NA,NA,NA,NA,NA,NA,NA,NA,NA,NA,NA,NA,NA,NA,NA,NA,NA,NA,NA,NA,NA,NA,NA,NA,NA,NA,NA,NA,NA,NA,NA,NA,NA
16,NA,NA,12,NA,NA,NA,NA,NA,NA,NA,NA,NA,335,NA,1,"28,50,30,53,51,45,21,17,35,55,60,60,60,60,60,60,60,60,60,60,60,60,60,60,60","8,23,-47,37,243,246,251,244,267,259,243,242,267,259,269,258,267,241,256,248,250,243,262,266,257",NA,"54,23,41,5,60,60,60,60,60,60,60,60,60,60,60,60,60,60,60,60,60,60,60,60,60",5359,7,NA,NA,NA,NA,NA,NA,NA,NA,NA,NA,NA,NA,NA,NA,NA,NA,NA,NA,NA,NA,NA,NA,NA,NA,NA,NA,NA,NA,NA,NA,NA,NA,NA,NA,NA
