playerNr,groupNr,subjectNr,groupNrStart,currentGroupSize,period,onPage,connected,tStart,lastActionTime,ipaddress,ipaddress_part,location,waitMore,lobbyReady,enterLobby,role,wait_342777ready,wait_345544ready,wait_345546ready,wait_345545ready,wait_345547ready,wait_343041ready,wait_345540ready,wait_345541ready,wait_345542ready,wait_345543ready,wait_345549ready,wait_342776ready,wait_342778ready,wait_345548ready,wait_lastInPeriod,periodReady,leftExperiment,experimentTerminated,groupAborted
1,0,0,0,0,1,i1,0,1654165694,1654166365,008a75b6c74dd06a5ec7419b16523b4420506747,145.109.11,52.3748#4.8513,0,NA,NA,1,NA,NA,NA,NA,NA,NA,NA,NA,NA,NA,NA,NA,NA,NA,NA,0,NA,NA,NA
2,0,0,0,0,1,welkom,0,1654165643,1654165646,dcef384ded45b8ec4beb96e2d1a1d30a21763032,178.228.17,52.3824#4.8995,0,NA,NA,1,NA,NA,NA,NA,NA,NA,NA,NA,NA,NA,NA,NA,NA,NA,NA,0,NA,NA,NA
3,0,0,0,0,1,i8,0,1654165901,1654165904,dcef384ded45b8ec4beb96e2d1a1d30a40454666,178.228.17,52.3824#4.8995,0,NA,NA,1,NA,NA,NA,NA,NA,NA,NA,NA,NA,NA,NA,NA,NA,NA,NA,0,NA,NA,NA
4,0,0,0,0,12,end,0,1654166780,1654166781,dcef384ded45b8ec4beb96e2d1a1d30a98171737,178.228.17,52.3824#4.8995,0,NA,NA,1,NA,NA,NA,NA,NA,NA,NA,NA,NA,NA,NA,NA,NA,NA,NA,0,NA,NA,NA
5,0,0,0,0,1,i1,0,1654166622,1654166954,008a75b6c74dd06a5ec7419b16523b4490170914,145.109.11,52.3748#4.8513,0,NA,NA,1,NA,NA,NA,NA,NA,NA,NA,NA,NA,NA,NA,NA,NA,NA,NA,0,NA,NA,NA
6,0,0,0,0,1,welkom,0,1654166794,1654168655,dcef384ded45b8ec4beb96e2d1a1d30a14844613,178.228.17,52.3824#4.8995,0,NA,NA,1,NA,NA,NA,NA,NA,NA,NA,NA,NA,NA,NA,NA,NA,NA,NA,0,NA,NA,NA
7,0,0,0,0,1,welkom,0,1654166825,1654173615,dcef384ded45b8ec4beb96e2d1a1d30a32152389,178.228.17,52.3824#4.8995,0,NA,NA,1,NA,NA,NA,NA,NA,NA,NA,NA,NA,NA,NA,NA,NA,NA,NA,0,NA,NA,NA
8,0,0,0,0,1,i1,0,1654168123,1654168162,dcef384ded45b8ec4beb96e2d1a1d30a75733781,178.228.17,52.3824#4.8995,0,NA,NA,1,NA,NA,NA,NA,NA,NA,NA,NA,NA,NA,NA,NA,NA,NA,NA,0,NA,NA,NA
9,0,0,0,0,12,end,0,1654169004,1654169005,dcef384ded45b8ec4beb96e2d1a1d30a84649023,178.228.17,52.3824#4.8995,0,NA,NA,1,NA,NA,NA,NA,NA,NA,NA,NA,NA,NA,NA,NA,NA,NA,NA,0,NA,NA,NA
10,0,0,0,0,3,play,0,1654168563,1654168675,dcef384ded45b8ec4beb96e2d1a1d30a18433402,178.228.17,52.3824#4.8995,0,NA,NA,1,NA,NA,NA,NA,NA,NA,NA,NA,NA,NA,NA,NA,NA,NA,NA,0,NA,NA,NA
11,0,0,0,0,1,i1,0,1654168144,1654168189,dcef384ded45b8ec4beb96e2d1a1d30a45519423,178.228.17,52.3824#4.8995,0,NA,NA,1,NA,NA,NA,NA,NA,NA,NA,NA,NA,NA,NA,NA,NA,NA,NA,0,NA,NA,NA
12,0,0,0,0,12,end,0,1654168913,1654168914,dcef384ded45b8ec4beb96e2d1a1d30a49873319,178.228.17,52.3824#4.8995,0,NA,NA,1,NA,NA,NA,NA,NA,NA,NA,NA,NA,NA,NA,NA,NA,NA,NA,0,NA,NA,NA
13,0,0,0,0,12,end,0,1654169110,1654169120,dcef384ded45b8ec4beb96e2d1a1d30a47339543,178.228.17,52.3824#4.8995,0,NA,NA,1,NA,NA,NA,NA,NA,NA,NA,NA,NA,NA,NA,NA,NA,NA,NA,0,NA,NA,NA
14,0,0,0,0,10,play,0,1654170339,1654173110,aa5c62b151250ef5a1010bfdb35ab09640493866,178.228.16,52.3824#4.8995,0,NA,NA,1,NA,NA,NA,NA,NA,NA,NA,NA,NA,NA,NA,NA,NA,NA,NA,0,NA,NA,NA
15,0,0,0,0,12,end,0,1654169869,1654169869,aa5c62b151250ef5a1010bfdb35ab09630202688,178.228.16,52.3824#4.8995,0,NA,NA,1,NA,NA,NA,NA,NA,NA,NA,NA,NA,NA,NA,NA,NA,NA,NA,0,NA,NA,NA
16,0,0,0,0,1,welkom,0,1654168573,1654173991,008a75b6c74dd06a5ec7419b16523b4483717932,145.109.11,52.3748#4.8513,0,NA,NA,1,NA,NA,NA,NA,NA,NA,NA,NA,NA,NA,NA,NA,NA,NA,NA,0,NA,NA,NA
17,0,0,0,0,5,play,0,1654169202,1654169482,aa5c62b151250ef5a1010bfdb35ab09692303585,178.228.16,52.3824#4.8995,0,NA,NA,1,NA,NA,NA,NA,NA,NA,NA,NA,NA,NA,NA,NA,NA,NA,NA,0,NA,NA,NA
18,0,0,0,0,12,end,0,1654170746,1654170747,aa5c62b151250ef5a1010bfdb35ab09639928759,178.228.16,52.3824#4.8995,0,NA,NA,1,NA,NA,NA,NA,NA,NA,NA,NA,NA,NA,NA,NA,NA,NA,NA,0,NA,NA,NA
19,0,0,0,0,0,NA,NA,0,0,008a75b6c74dd06a5ec7419b16523b4412811755,145.109.11,52.3748#4.8513,0,NA,NA,NA,NA,NA,NA,NA,NA,NA,NA,NA,NA,NA,NA,NA,NA,NA,NA,NA,NA,NA,NA
20,0,0,0,0,0,NA,NA,0,0,f76dea7bce9deb376f3c0d128b13167d26703683,34.90.43.1,53.2157#6.5765,0,NA,NA,NA,NA,NA,NA,NA,NA,NA,NA,NA,NA,NA,NA,NA,NA,NA,NA,NA,NA,NA,NA
21,0,0,0,0,1,i8,NA,1654240295,1654240296,eb372a82e457de84face5e56d7353f5d13440071,93.230.47.,47.7601#11.557,0,NA,NA,1,NA,NA,NA,NA,NA,NA,NA,NA,NA,NA,NA,NA,NA,NA,NA,0,NA,NA,NA
22,0,0,0,0,0,NA,NA,0,0,77b0dd3559944fc730f677072a60da4b45112407,54.165.43.,39.0481#-77.4728,0,NA,NA,NA,NA,NA,NA,NA,NA,NA,NA,NA,NA,NA,NA,NA,NA,NA,NA,NA,NA,NA,NA
23,0,0,0,0,1,i8,NA,1654609409,1654623159,008a75b6c74dd06a5ec7419b16523b4421432089,145.109.11,52.3748#4.8513,0,NA,NA,1,NA,NA,NA,NA,NA,NA,NA,NA,NA,NA,NA,NA,NA,NA,NA,0,NA,NA,NA
24,0,0,0,0,1,play,NA,1654615616,1654615716,4c0c4818a62d7ba4deb687a5cdc6ad6f22093132,145.109.11,52.3748#4.8513,0,NA,NA,1,NA,NA,NA,NA,NA,NA,NA,NA,NA,NA,NA,NA,NA,NA,NA,0,NA,NA,NA
25,0,0,0,0,1,i1,NA,1654689107,1654689111,6b4995a63a448cd022c3f805bfb7cf7612838163,141.14.222,51.2993#9.491,0,NA,NA,1,NA,NA,NA,NA,NA,NA,NA,NA,NA,NA,NA,NA,NA,NA,NA,0,NA,NA,NA
26,0,0,0,0,0,NA,NA,0,0,008a75b6c74dd06a5ec7419b16523b4421941097,145.109.11,52.3748#4.8513,0,NA,NA,NA,NA,NA,NA,NA,NA,NA,NA,NA,NA,NA,NA,NA,NA,NA,NA,NA,NA,NA,NA
27,0,0,0,0,1,welkom,NA,1654778476,1654778592,008a75b6c74dd06a5ec7419b16523b4477203612,145.109.11,52.3748#4.8513,0,NA,NA,1,NA,NA,NA,NA,NA,NA,NA,NA,NA,NA,NA,NA,NA,NA,NA,0,NA,NA,NA
28,0,0,0,0,0,NA,NA,0,0,f76dea7bce9deb376f3c0d128b13167d12410667,34.90.43.1,53.2157#6.5765,0,NA,NA,NA,NA,NA,NA,NA,NA,NA,NA,NA,NA,NA,NA,NA,NA,NA,NA,NA,NA,NA,NA
29,0,0,0,0,0,NA,NA,0,0,151b6026ecb97e959284d6e58ca15ff826212517,134.76.28.,51.5#9.9,0,NA,NA,NA,NA,NA,NA,NA,NA,NA,NA,NA,NA,NA,NA,NA,NA,NA,NA,NA,NA,NA,NA
30,0,0,0,0,0,NA,NA,0,0,87a4446186414f1896e1971a7b3aa2dc58115352,85.115.54.,51.6115#-0.2496,0,NA,NA,NA,NA,NA,NA,NA,NA,NA,NA,NA,NA,NA,NA,NA,NA,NA,NA,NA,NA,NA,NA
31,0,0,0,0,1,i1,NA,1654789733,1654789741,c63ebfb8b70af51a71328609b23eecf967079924,141.14.167,52.4487#13.3299,0,NA,NA,1,NA,NA,NA,NA,NA,NA,NA,NA,NA,NA,NA,NA,NA,NA,NA,0,NA,NA,NA
32,0,0,0,0,1,i2,NA,1654791215,1654791216,6161d631fa7a3508d7503ab3bd83cf2c10422026,77.13.85.1,52.5451#13.4097,0,NA,NA,1,NA,NA,NA,NA,NA,NA,NA,NA,NA,NA,NA,NA,NA,NA,NA,0,NA,NA,NA
33,0,0,0,0,0,NA,NA,0,0,151b6026ecb97e959284d6e58ca15ff833079608,134.76.28.,51.5#9.9,0,NA,NA,NA,NA,NA,NA,NA,NA,NA,NA,NA,NA,NA,NA,NA,NA,NA,NA,NA,NA,NA,NA
34,0,0,0,0,1,welkom,NA,1654790446,1654790450,8a203da04755dca11a034e9ce0a9b10653558109,93.232.134,51.2993#9.491,0,NA,NA,1,NA,NA,NA,NA,NA,NA,NA,NA,NA,NA,NA,NA,NA,NA,NA,0,NA,NA,NA
35,0,0,0,0,12,end,NA,1654803436,1654803456,d109efda96af9ca34647ff51796616de87257327,95.91.241.,52.4328#13.4555,0,NA,NA,1,NA,NA,NA,NA,NA,NA,NA,NA,NA,NA,NA,NA,NA,NA,NA,0,NA,NA,NA
36,0,0,0,0,12,end,0,1654844101,1654869631,6b1a329e46c604a879933e1345dda8df17610091,95.90.242.,52.5167#13.4868,0,NA,NA,1,NA,NA,NA,NA,NA,NA,NA,NA,NA,NA,NA,NA,NA,NA,NA,0,NA,NA,NA
37,0,0,0,0,12,end,NA,1654846048,1654846173,c6a17d2efb51cf8c05d5a6e6b9c1ebf039807354,178.238.10,52.1479#4.6694,0,NA,NA,1,NA,NA,NA,NA,NA,NA,NA,NA,NA,NA,NA,NA,NA,NA,NA,0,NA,NA,NA
38,0,0,0,0,1,i2,NA,1654846036,1654846041,1eec05d3447d085d8da03ac91a4a907057026574,84.241.199,52.3534#4.9087,0,NA,NA,1,NA,NA,NA,NA,NA,NA,NA,NA,NA,NA,NA,NA,NA,NA,NA,0,NA,NA,NA
39,0,0,0,0,12,end,NA,1654850561,1654850787,2a4e18693fb714865022774f8b4cf36726597677,89.247.171,48.15#11.5833,0,NA,NA,1,NA,NA,NA,NA,NA,NA,NA,NA,NA,NA,NA,NA,NA,NA,NA,0,NA,NA,NA
40,0,0,0,0,12,end,0,1654855510,1654856539,821ad49d25c9c47914ac361f4a9826cb59898308,141.14.164,52.4487#13.3299,0,NA,NA,1,NA,NA,NA,NA,NA,NA,NA,NA,NA,NA,NA,NA,NA,NA,NA,0,NA,NA,NA
41,0,0,0,0,2,play,0,1654875013,1654878337,bf66afa530b707ca5d05ed243415d69820226340,141.14.224,52.4062#12.967,0,NA,NA,1,NA,NA,NA,NA,NA,NA,NA,NA,NA,NA,NA,NA,NA,NA,NA,0,NA,NA,NA
42,0,0,0,0,12,end,NA,1655028715,1655028737,a81b8d3e8f37c3d8e6c8dc158f5dbe8245051740,89.247.171,48.15#11.5833,0,NA,NA,1,NA,NA,NA,NA,NA,NA,NA,NA,NA,NA,NA,NA,NA,NA,NA,0,NA,NA,NA
43,0,0,0,0,1,i6,NA,1655028751,1655028752,a81b8d3e8f37c3d8e6c8dc158f5dbe8257659067,89.247.171,48.15#11.5833,0,NA,NA,1,NA,NA,NA,NA,NA,NA,NA,NA,NA,NA,NA,NA,NA,NA,NA,0,NA,NA,NA
44,0,0,0,0,12,end,NA,1655047392,1655047409,d48214d60f8b7d36588d7de8bc3fb31a37682370,46.183.103,51.4549#7.0083,0,NA,NA,1,NA,NA,NA,NA,NA,NA,NA,NA,NA,NA,NA,NA,NA,NA,NA,0,NA,NA,NA
45,0,0,0,0,1,welkom,0,1655275872,1655276517,99c742bfdc87d4bdad4e8c7a3c9532d054555937,178.228.10,52.3824#4.8995,0,NA,NA,1,NA,NA,NA,NA,NA,NA,NA,NA,NA,NA,NA,NA,NA,NA,NA,0,NA,NA,NA
46,0,0,0,0,12,end,0,1655276457,1655278464,98b2f89dbdf3513a1577db4d64fc997156020239,178.228.21,52.3824#4.8995,0,NA,NA,1,NA,NA,NA,NA,NA,NA,NA,NA,NA,NA,NA,NA,NA,NA,NA,0,NA,NA,NA
47,0,0,0,0,12,end,0,1655276390,1655276490,79c1e48602f998e7bd55a1eb597c031559439512,178.226.55,51.5372#6.1477,0,NA,NA,1,NA,NA,NA,NA,NA,NA,NA,NA,NA,NA,NA,NA,NA,NA,NA,0,NA,NA,NA
48,0,0,0,0,12,end,0,1655276321,1655276429,79c1e48602f998e7bd55a1eb597c031536131486,178.226.55,51.5372#6.1477,0,NA,NA,1,NA,NA,NA,NA,NA,NA,NA,NA,NA,NA,NA,NA,NA,NA,NA,0,NA,NA,NA
49,0,0,0,0,12,end,0,1655276637,1655276992,79c1e48602f998e7bd55a1eb597c031560384085,178.226.55,51.5372#6.1477,0,NA,NA,1,NA,NA,NA,NA,NA,NA,NA,NA,NA,NA,NA,NA,NA,NA,NA,0,NA,NA,NA
50,0,0,0,0,12,end,0,1655276443,1655276557,79c1e48602f998e7bd55a1eb597c031532933757,178.226.55,51.5372#6.1477,0,NA,NA,1,NA,NA,NA,NA,NA,NA,NA,NA,NA,NA,NA,NA,NA,NA,NA,0,NA,NA,NA
51,0,0,0,0,12,end,0,1655276594,1655278591,98b2f89dbdf3513a1577db4d64fc997126644950,178.228.21,52.3824#4.8995,0,NA,NA,1,NA,NA,NA,NA,NA,NA,NA,NA,NA,NA,NA,NA,NA,NA,NA,0,NA,NA,NA
52,0,0,0,0,12,end,0,1655276334,1655278607,79c1e48602f998e7bd55a1eb597c031536025320,178.226.55,51.5372#6.1477,0,NA,NA,1,NA,NA,NA,NA,NA,NA,NA,NA,NA,NA,NA,NA,NA,NA,NA,0,NA,NA,NA
53,0,0,0,0,12,end,0,1655276503,1655277005,98b2f89dbdf3513a1577db4d64fc997126311587,178.228.21,52.3824#4.8995,0,NA,NA,1,NA,NA,NA,NA,NA,NA,NA,NA,NA,NA,NA,NA,NA,NA,NA,0,NA,NA,NA
54,0,0,0,0,12,end,0,1655276573,1655276705,98b2f89dbdf3513a1577db4d64fc997161629334,178.228.21,52.3824#4.8995,0,NA,NA,1,NA,NA,NA,NA,NA,NA,NA,NA,NA,NA,NA,NA,NA,NA,NA,0,NA,NA,NA
55,0,0,0,0,12,end,0,1655276623,1655276734,79c1e48602f998e7bd55a1eb597c031599349020,178.226.55,51.5372#6.1477,0,NA,NA,1,NA,NA,NA,NA,NA,NA,NA,NA,NA,NA,NA,NA,NA,NA,NA,0,NA,NA,NA
56,0,0,0,0,12,end,NA,1655276586,1655276673,98b2f89dbdf3513a1577db4d64fc997159619504,178.228.21,52.3824#4.8995,0,NA,NA,1,NA,NA,NA,NA,NA,NA,NA,NA,NA,NA,NA,NA,NA,NA,NA,0,NA,NA,NA
57,0,0,0,0,12,end,NA,1655276562,1655276637,79c1e48602f998e7bd55a1eb597c031518826938,178.226.55,51.5372#6.1477,0,NA,NA,1,NA,NA,NA,NA,NA,NA,NA,NA,NA,NA,NA,NA,NA,NA,NA,0,NA,NA,NA
58,0,0,0,0,12,end,NA,1655276500,1655276603,99c742bfdc87d4bdad4e8c7a3c9532d043442247,178.228.10,52.3824#4.8995,0,NA,NA,1,NA,NA,NA,NA,NA,NA,NA,NA,NA,NA,NA,NA,NA,NA,NA,0,NA,NA,NA
59,0,0,0,0,12,end,0,1655276615,1655278397,98b2f89dbdf3513a1577db4d64fc997152213145,178.228.21,52.3824#4.8995,0,NA,NA,1,NA,NA,NA,NA,NA,NA,NA,NA,NA,NA,NA,NA,NA,NA,NA,0,NA,NA,NA
60,0,0,0,0,12,end,NA,1655276814,1655277917,98b2f89dbdf3513a1577db4d64fc997182271485,178.228.21,52.3824#4.8995,0,NA,NA,1,NA,NA,NA,NA,NA,NA,NA,NA,NA,NA,NA,NA,NA,NA,NA,0,NA,NA,NA
61,0,0,0,0,12,end,0,1655276673,1655278430,98b2f89dbdf3513a1577db4d64fc997146461848,178.228.21,52.3824#4.8995,0,NA,NA,1,NA,NA,NA,NA,NA,NA,NA,NA,NA,NA,NA,NA,NA,NA,NA,0,NA,NA,NA
62,0,0,0,0,12,end,NA,1655276710,1655278261,99c742bfdc87d4bdad4e8c7a3c9532d079022766,178.228.10,52.3824#4.8995,0,NA,NA,1,NA,NA,NA,NA,NA,NA,NA,NA,NA,NA,NA,NA,NA,NA,NA,0,NA,NA,NA
63,0,0,0,0,12,end,NA,1655276678,1655278006,99c742bfdc87d4bdad4e8c7a3c9532d023312756,178.228.10,52.3824#4.8995,0,NA,NA,1,NA,NA,NA,NA,NA,NA,NA,NA,NA,NA,NA,NA,NA,NA,NA,0,NA,NA,NA
64,0,0,0,0,0,NA,NA,0,0,79c1e48602f998e7bd55a1eb597c031566863976,178.226.55,51.5372#6.1477,0,NA,NA,NA,NA,NA,NA,NA,NA,NA,NA,NA,NA,NA,NA,NA,NA,NA,NA,NA,NA,NA,NA
65,0,0,0,0,12,end,0,1655276658,1655278466,79c1e48602f998e7bd55a1eb597c031562615167,178.226.55,51.5372#6.1477,0,NA,NA,1,NA,NA,NA,NA,NA,NA,NA,NA,NA,NA,NA,NA,NA,NA,NA,0,NA,NA,NA
66,0,0,0,0,12,end,NA,1655276674,1655276766,99c742bfdc87d4bdad4e8c7a3c9532d018783167,178.228.10,52.3824#4.8995,0,NA,NA,1,NA,NA,NA,NA,NA,NA,NA,NA,NA,NA,NA,NA,NA,NA,NA,0,NA,NA,NA
67,0,0,0,0,0,NA,NA,0,0,068c21584caa5bd32f5be0b8e97b83da51747455,95.142.107,52.2455#4.8256,0,NA,NA,NA,NA,NA,NA,NA,NA,NA,NA,NA,NA,NA,NA,NA,NA,NA,NA,NA,NA,NA,NA
68,0,0,0,0,10,play,NA,1655276778,1655277982,99c742bfdc87d4bdad4e8c7a3c9532d094294692,178.228.10,52.3824#4.8995,0,NA,NA,1,NA,NA,NA,NA,NA,NA,NA,NA,NA,NA,NA,NA,NA,NA,NA,0,NA,NA,NA
69,0,0,0,0,1,welkom,NA,1655276569,1655276616,3973f68c48c50ba112a84ee966b1516670792442,95.142.107,52.2455#4.8256,0,NA,NA,1,NA,NA,NA,NA,NA,NA,NA,NA,NA,NA,NA,NA,NA,NA,NA,0,NA,NA,NA
70,0,0,0,0,0,NA,NA,0,0,0872a3da140c78795a4b7a59700c096c53748634,31.186.166,53.1889#5.7899,0,NA,NA,NA,NA,NA,NA,NA,NA,NA,NA,NA,NA,NA,NA,NA,NA,NA,NA,NA,NA,NA,NA
71,0,0,0,0,1,welkom,NA,1655277378,1655277429,d295ee4775a33a12a731f8ee307366ce73373774,31.186.166,53.1889#5.7899,0,NA,NA,1,NA,NA,NA,NA,NA,NA,NA,NA,NA,NA,NA,NA,NA,NA,NA,0,NA,NA,NA
72,0,0,0,0,12,end,NA,1655278290,1655278353,79c1e48602f998e7bd55a1eb597c031589879817,178.226.55,51.5372#6.1477,0,NA,NA,1,NA,NA,NA,NA,NA,NA,NA,NA,NA,NA,NA,NA,NA,NA,NA,0,NA,NA,NA
73,0,0,0,0,12,end,0,1655278545,1655278583,98b2f89dbdf3513a1577db4d64fc997117104682,178.228.21,52.3824#4.8995,0,NA,NA,1,NA,NA,NA,NA,NA,NA,NA,NA,NA,NA,NA,NA,NA,NA,NA,0,NA,NA,NA
74,0,0,0,0,1,welkom,NA,1655278241,1655278250,068c21584caa5bd32f5be0b8e97b83da82450574,95.142.107,52.2455#4.8256,0,NA,NA,1,NA,NA,NA,NA,NA,NA,NA,NA,NA,NA,NA,NA,NA,NA,NA,0,NA,NA,NA
75,0,0,0,0,12,end,0,1655278811,1655278943,99c742bfdc87d4bdad4e8c7a3c9532d012490797,178.228.10,52.3824#4.8995,0,NA,NA,1,NA,NA,NA,NA,NA,NA,NA,NA,NA,NA,NA,NA,NA,NA,NA,0,NA,NA,NA
76,0,0,0,0,12,end,0,1655278516,1655278639,79c1e48602f998e7bd55a1eb597c031543166409,178.226.55,51.5372#6.1477,0,NA,NA,1,NA,NA,NA,NA,NA,NA,NA,NA,NA,NA,NA,NA,NA,NA,NA,0,NA,NA,NA
77,0,0,0,0,12,end,0,1655278621,1655278704,99c742bfdc87d4bdad4e8c7a3c9532d065514081,178.228.10,52.3824#4.8995,0,NA,NA,1,NA,NA,NA,NA,NA,NA,NA,NA,NA,NA,NA,NA,NA,NA,NA,0,NA,NA,NA
78,0,0,0,0,12,end,0,1655278812,1655278962,98b2f89dbdf3513a1577db4d64fc997110737288,178.228.21,52.3824#4.8995,0,NA,NA,1,NA,NA,NA,NA,NA,NA,NA,NA,NA,NA,NA,NA,NA,NA,NA,0,NA,NA,NA
79,0,0,0,0,12,end,0,1655278944,1655278992,99c742bfdc87d4bdad4e8c7a3c9532d090744326,178.228.10,52.3824#4.8995,0,NA,NA,1,NA,NA,NA,NA,NA,NA,NA,NA,NA,NA,NA,NA,NA,NA,NA,0,NA,NA,NA
80,0,0,0,0,12,end,0,1655278673,1655278721,79c1e48602f998e7bd55a1eb597c031569534403,178.226.55,51.5372#6.1477,0,NA,NA,1,NA,NA,NA,NA,NA,NA,NA,NA,NA,NA,NA,NA,NA,NA,NA,0,NA,NA,NA
81,0,0,0,0,12,end,0,1655278788,1655278920,99c742bfdc87d4bdad4e8c7a3c9532d018758860,178.228.10,52.3824#4.8995,0,NA,NA,1,NA,NA,NA,NA,NA,NA,NA,NA,NA,NA,NA,NA,NA,NA,NA,0,NA,NA,NA
82,0,0,0,0,12,end,0,1655279166,1655279709,98b2f89dbdf3513a1577db4d64fc997145547250,178.228.21,52.3824#4.8995,0,NA,NA,1,NA,NA,NA,NA,NA,NA,NA,NA,NA,NA,NA,NA,NA,NA,NA,0,NA,NA,NA
83,0,0,0,0,1,welkom,0,1655278907,1655278917,0872a3da140c78795a4b7a59700c096c18342916,31.186.166,53.1889#5.7899,0,NA,NA,1,NA,NA,NA,NA,NA,NA,NA,NA,NA,NA,NA,NA,NA,NA,NA,0,NA,NA,NA
84,0,0,0,0,1,welkom,NA,1655280854,1655280866,d13620b008fbed96888fd21bde64144f84089841,31.186.166,53.1889#5.7899,0,NA,NA,1,NA,NA,NA,NA,NA,NA,NA,NA,NA,NA,NA,NA,NA,NA,NA,0,NA,NA,NA
85,0,0,0,0,1,welkom,NA,1655282097,1655282122,0872a3da140c78795a4b7a59700c096c64968989,31.186.166,53.1889#5.7899,0,NA,NA,1,NA,NA,NA,NA,NA,NA,NA,NA,NA,NA,NA,NA,NA,NA,NA,0,NA,NA,NA
86,0,0,0,0,1,welkom,NA,1655284462,1655284481,3973f68c48c50ba112a84ee966b1516648114763,95.142.107,52.2455#4.8256,0,NA,NA,1,NA,NA,NA,NA,NA,NA,NA,NA,NA,NA,NA,NA,NA,NA,NA,0,NA,NA,NA
87,0,0,0,0,0,NA,NA,0,0,068c21584caa5bd32f5be0b8e97b83da35124515,95.142.107,52.2455#4.8256,0,NA,NA,NA,NA,NA,NA,NA,NA,NA,NA,NA,NA,NA,NA,NA,NA,NA,NA,NA,NA,NA,NA
88,0,0,0,0,1,NA,NA,0,0,d295ee4775a33a12a731f8ee307366ce86872054,31.186.166,53.1889#5.7899,0,NA,NA,1,NA,NA,NA,NA,NA,NA,NA,NA,NA,NA,NA,NA,NA,NA,NA,NA,NA,NA,NA
89,0,0,0,0,1,welkom,NA,1655298803,1655298826,d13620b008fbed96888fd21bde64144f59681689,31.186.166,53.1889#5.7899,0,NA,NA,1,NA,NA,NA,NA,NA,NA,NA,NA,NA,NA,NA,NA,NA,NA,NA,0,NA,NA,NA
90,0,0,0,0,1,welkom,NA,1655299282,1655299292,3973f68c48c50ba112a84ee966b1516662592311,95.142.107,52.2455#4.8256,0,NA,NA,1,NA,NA,NA,NA,NA,NA,NA,NA,NA,NA,NA,NA,NA,NA,NA,0,NA,NA,NA
91,0,0,0,0,1,play,0,1655307619,1655301032,8e0de5c0f72ce391b4dddf5136ab1f9921381617,141.14.225,52.4062#12.967,0,NA,NA,1,NA,NA,NA,NA,NA,NA,NA,NA,NA,NA,NA,NA,NA,NA,NA,0,NA,NA,NA
92,0,0,0,0,12,end,NA,1655369628,1655369744,d9a337e10eb26b9188802682311e456178866201,178.228.18,51.9172#4.5945,0,NA,NA,1,NA,NA,NA,NA,NA,NA,NA,NA,NA,NA,NA,NA,NA,NA,NA,0,NA,NA,NA
93,0,0,0,0,12,end,NA,1655369779,1655369908,ecabe6ba0af8a4be6bc97a25392d465825737346,178.228.16,52.3824#4.8995,0,NA,NA,1,NA,NA,NA,NA,NA,NA,NA,NA,NA,NA,NA,NA,NA,NA,NA,0,NA,NA,NA
94,0,0,0,0,12,end,NA,1655369947,1655370022,55571123bbaece7cfa02ebb5f802405571925137,178.224.54,52.2327#6.7643,0,NA,NA,1,NA,NA,NA,NA,NA,NA,NA,NA,NA,NA,NA,NA,NA,NA,NA,0,NA,NA,NA
95,0,0,0,0,12,end,NA,1655369960,1655370050,55571123bbaece7cfa02ebb5f802405537158727,178.224.54,52.2327#6.7643,0,NA,NA,1,NA,NA,NA,NA,NA,NA,NA,NA,NA,NA,NA,NA,NA,NA,NA,0,NA,NA,NA
96,0,0,0,0,10,play,NA,1655369936,1655370058,ecabe6ba0af8a4be6bc97a25392d465892844194,178.228.16,52.3824#4.8995,0,NA,NA,1,NA,NA,NA,NA,NA,NA,NA,NA,NA,NA,NA,NA,NA,NA,NA,0,NA,NA,NA
97,0,0,0,0,1,play,NA,1655369652,1655369666,ecabe6ba0af8a4be6bc97a25392d465849370079,178.228.16,52.3824#4.8995,0,NA,NA,1,NA,NA,NA,NA,NA,NA,NA,NA,NA,NA,NA,NA,NA,NA,NA,0,NA,NA,NA
98,0,0,0,0,4,play,NA,1655369599,1655369743,ecabe6ba0af8a4be6bc97a25392d465856302888,178.228.16,52.3824#4.8995,0,NA,NA,1,NA,NA,NA,NA,NA,NA,NA,NA,NA,NA,NA,NA,NA,NA,NA,0,NA,NA,NA
99,0,0,0,0,12,end,NA,1655370246,1655370343,d9a337e10eb26b9188802682311e456147458347,178.228.18,51.9172#4.5945,0,NA,NA,1,NA,NA,NA,NA,NA,NA,NA,NA,NA,NA,NA,NA,NA,NA,NA,0,NA,NA,NA
100,0,0,0,0,12,end,NA,1655370236,1655370278,55571123bbaece7cfa02ebb5f802405544488578,178.224.54,52.2327#6.7643,0,NA,NA,1,NA,NA,NA,NA,NA,NA,NA,NA,NA,NA,NA,NA,NA,NA,NA,0,NA,NA,NA
101,0,0,0,0,1,play,NA,1655369642,1655369688,55571123bbaece7cfa02ebb5f802405596354511,178.224.54,52.2327#6.7643,0,NA,NA,1,NA,NA,NA,NA,NA,NA,NA,NA,NA,NA,NA,NA,NA,NA,NA,0,NA,NA,NA
102,0,0,0,0,12,end,NA,1655370242,1655370355,ecabe6ba0af8a4be6bc97a25392d465893071316,178.228.16,52.3824#4.8995,0,NA,NA,1,NA,NA,NA,NA,NA,NA,NA,NA,NA,NA,NA,NA,NA,NA,NA,0,NA,NA,NA
103,0,0,0,0,12,end,NA,1655370122,1655370314,d9a337e10eb26b9188802682311e456117175895,178.228.18,51.9172#4.5945,0,NA,NA,1,NA,NA,NA,NA,NA,NA,NA,NA,NA,NA,NA,NA,NA,NA,NA,0,NA,NA,NA
104,0,0,0,0,12,end,NA,1655369970,1655370162,ecabe6ba0af8a4be6bc97a25392d465887201152,178.228.16,52.3824#4.8995,0,NA,NA,1,NA,NA,NA,NA,NA,NA,NA,NA,NA,NA,NA,NA,NA,NA,NA,0,NA,NA,NA
105,0,0,0,0,12,end,NA,1655369984,1655370125,d9a337e10eb26b9188802682311e456155596251,178.228.18,51.9172#4.5945,0,NA,NA,1,NA,NA,NA,NA,NA,NA,NA,NA,NA,NA,NA,NA,NA,NA,NA,0,NA,NA,NA
106,0,0,0,0,12,end,NA,1655370174,1655370252,55571123bbaece7cfa02ebb5f802405584264179,178.224.54,52.2327#6.7643,0,NA,NA,1,NA,NA,NA,NA,NA,NA,NA,NA,NA,NA,NA,NA,NA,NA,NA,0,NA,NA,NA
107,0,0,0,0,12,end,NA,1655370480,1655370636,d9a337e10eb26b9188802682311e456197196557,178.228.18,51.9172#4.5945,0,NA,NA,1,NA,NA,NA,NA,NA,NA,NA,NA,NA,NA,NA,NA,NA,NA,NA,0,NA,NA,NA
108,0,0,0,0,12,end,NA,1655370263,1655370404,ecabe6ba0af8a4be6bc97a25392d465833063621,178.228.16,52.3824#4.8995,0,NA,NA,1,NA,NA,NA,NA,NA,NA,NA,NA,NA,NA,NA,NA,NA,NA,NA,0,NA,NA,NA
109,0,0,0,0,10,play,NA,1655369951,1655370002,ecabe6ba0af8a4be6bc97a25392d465852612777,178.228.16,52.3824#4.8995,0,NA,NA,1,NA,NA,NA,NA,NA,NA,NA,NA,NA,NA,NA,NA,NA,NA,NA,0,NA,NA,NA
110,0,0,0,0,12,end,NA,1655370522,1655371179,d9a337e10eb26b9188802682311e456135696081,178.228.18,51.9172#4.5945,0,NA,NA,1,NA,NA,NA,NA,NA,NA,NA,NA,NA,NA,NA,NA,NA,NA,NA,0,NA,NA,NA
111,0,0,0,0,12,end,NA,1655370172,1655370430,55571123bbaece7cfa02ebb5f802405541442688,178.224.54,52.2327#6.7643,0,NA,NA,1,NA,NA,NA,NA,NA,NA,NA,NA,NA,NA,NA,NA,NA,NA,NA,0,NA,NA,NA
112,0,0,0,0,11,play,NA,1655370101,1655370212,ecabe6ba0af8a4be6bc97a25392d465873376298,178.228.16,52.3824#4.8995,0,NA,NA,1,NA,NA,NA,NA,NA,NA,NA,NA,NA,NA,NA,NA,NA,NA,NA,0,NA,NA,NA
113,0,0,0,0,12,end,NA,1655370530,1655371061,d9a337e10eb26b9188802682311e456159707901,178.228.18,51.9172#4.5945,0,NA,NA,1,NA,NA,NA,NA,NA,NA,NA,NA,NA,NA,NA,NA,NA,NA,NA,0,NA,NA,NA
114,0,0,0,0,12,end,NA,1655370196,1655370223,ecabe6ba0af8a4be6bc97a25392d465874882214,178.228.16,52.3824#4.8995,0,NA,NA,1,NA,NA,NA,NA,NA,NA,NA,NA,NA,NA,NA,NA,NA,NA,NA,0,NA,NA,NA
115,0,0,0,0,12,end,NA,1655370514,1655371153,55571123bbaece7cfa02ebb5f802405579707811,178.224.54,52.2327#6.7643,0,NA,NA,1,NA,NA,NA,NA,NA,NA,NA,NA,NA,NA,NA,NA,NA,NA,NA,0,NA,NA,NA
116,0,0,0,0,12,end,NA,1655370720,1655371020,55571123bbaece7cfa02ebb5f802405510433652,178.224.54,52.2327#6.7643,0,NA,NA,1,NA,NA,NA,NA,NA,NA,NA,NA,NA,NA,NA,NA,NA,NA,NA,0,NA,NA,NA
117,0,0,0,0,6,play,NA,1655370109,1655370240,ecabe6ba0af8a4be6bc97a25392d465817655240,178.228.16,52.3824#4.8995,0,NA,NA,1,NA,NA,NA,NA,NA,NA,NA,NA,NA,NA,NA,NA,NA,NA,NA,0,NA,NA,NA
118,0,0,0,0,12,end,NA,1655370529,1655370577,ecabe6ba0af8a4be6bc97a25392d465849252535,178.228.16,52.3824#4.8995,0,NA,NA,1,NA,NA,NA,NA,NA,NA,NA,NA,NA,NA,NA,NA,NA,NA,NA,0,NA,NA,NA
119,0,0,0,0,4,play,NA,1655370284,1655370351,ecabe6ba0af8a4be6bc97a25392d465899215557,178.228.16,52.3824#4.8995,0,NA,NA,1,NA,NA,NA,NA,NA,NA,NA,NA,NA,NA,NA,NA,NA,NA,NA,0,NA,NA,NA
120,0,0,0,0,12,end,NA,1655370548,1655370598,55571123bbaece7cfa02ebb5f802405515707847,178.224.54,52.2327#6.7643,0,NA,NA,1,NA,NA,NA,NA,NA,NA,NA,NA,NA,NA,NA,NA,NA,NA,NA,0,NA,NA,NA
121,0,0,0,0,12,end,NA,1655370591,1655370726,ecabe6ba0af8a4be6bc97a25392d465873719957,178.228.16,52.3824#4.8995,0,NA,NA,1,NA,NA,NA,NA,NA,NA,NA,NA,NA,NA,NA,NA,NA,NA,NA,0,NA,NA,NA
122,0,0,0,0,8,play,NA,1655370843,1655370876,ecabe6ba0af8a4be6bc97a25392d465811052426,178.228.16,52.3824#4.8995,0,NA,NA,1,NA,NA,NA,NA,NA,NA,NA,NA,NA,NA,NA,NA,NA,NA,NA,0,NA,NA,NA
123,0,0,0,0,1,welkom,NA,1655370891,1655370977,ecabe6ba0af8a4be6bc97a25392d465899848236,178.228.16,52.3824#4.8995,0,NA,NA,1,NA,NA,NA,NA,NA,NA,NA,NA,NA,NA,NA,NA,NA,NA,NA,0,NA,NA,NA
124,0,0,0,0,12,end,NA,1655456839,1655457093,e48ab942623c665ee42cf12af6e7ec8650910563,178.228.48,52.3534#4.9087,0,NA,NA,1,NA,NA,NA,NA,NA,NA,NA,NA,NA,NA,NA,NA,NA,NA,NA,0,NA,NA,NA
125,0,0,0,0,12,end,NA,1655456757,1655456801,052fe25e63d3f055d5a3e187a25ef45113285352,178.228.33,52.5607#5.9049,0,NA,NA,1,NA,NA,NA,NA,NA,NA,NA,NA,NA,NA,NA,NA,NA,NA,NA,0,NA,NA,NA
126,0,0,0,0,12,end,NA,1655457104,1655457142,052fe25e63d3f055d5a3e187a25ef45150031990,178.228.33,52.5607#5.9049,0,NA,NA,1,NA,NA,NA,NA,NA,NA,NA,NA,NA,NA,NA,NA,NA,NA,NA,0,NA,NA,NA
127,0,0,0,0,12,end,NA,1655456881,1655458673,e48ab942623c665ee42cf12af6e7ec8622737562,178.228.48,52.3534#4.9087,0,NA,NA,1,NA,NA,NA,NA,NA,NA,NA,NA,NA,NA,NA,NA,NA,NA,NA,0,NA,NA,NA
128,0,0,0,0,12,end,NA,1655456906,1655458745,7bc88f6cf9910b2d44d8a23f67cba57792851168,178.228.88,52.312#4.647,0,NA,NA,1,NA,NA,NA,NA,NA,NA,NA,NA,NA,NA,NA,NA,NA,NA,NA,0,NA,NA,NA
129,0,0,0,0,12,end,NA,1655457405,1655457514,7bc88f6cf9910b2d44d8a23f67cba57776532114,178.228.88,52.312#4.647,0,NA,NA,1,NA,NA,NA,NA,NA,NA,NA,NA,NA,NA,NA,NA,NA,NA,NA,0,NA,NA,NA
130,0,0,0,0,12,end,NA,1655457575,1655457602,e48ab942623c665ee42cf12af6e7ec8617027972,178.228.48,52.3534#4.9087,0,NA,NA,1,NA,NA,NA,NA,NA,NA,NA,NA,NA,NA,NA,NA,NA,NA,NA,0,NA,NA,NA
131,0,0,0,0,12,end,NA,1655457072,1655458718,052fe25e63d3f055d5a3e187a25ef45160548550,178.228.33,52.5607#5.9049,0,NA,NA,1,NA,NA,NA,NA,NA,NA,NA,NA,NA,NA,NA,NA,NA,NA,NA,0,NA,NA,NA
132,0,0,0,0,12,end,NA,1655457122,1655458806,052fe25e63d3f055d5a3e187a25ef45151159469,178.228.33,52.5607#5.9049,0,NA,NA,1,NA,NA,NA,NA,NA,NA,NA,NA,NA,NA,NA,NA,NA,NA,NA,0,NA,NA,NA
133,0,0,0,0,12,end,NA,1655457316,1655458634,e48ab942623c665ee42cf12af6e7ec8679520164,178.228.48,52.3534#4.9087,0,NA,NA,1,NA,NA,NA,NA,NA,NA,NA,NA,NA,NA,NA,NA,NA,NA,NA,0,NA,NA,NA
134,0,0,0,0,12,end,NA,1655457209,1655457485,7bc88f6cf9910b2d44d8a23f67cba57758872893,178.228.88,52.312#4.647,0,NA,NA,1,NA,NA,NA,NA,NA,NA,NA,NA,NA,NA,NA,NA,NA,NA,NA,0,NA,NA,NA
135,0,0,0,0,12,end,NA,1655457133,1655458692,7bc88f6cf9910b2d44d8a23f67cba57754734840,178.228.88,52.312#4.647,0,NA,NA,1,NA,NA,NA,NA,NA,NA,NA,NA,NA,NA,NA,NA,NA,NA,NA,0,NA,NA,NA
136,0,0,0,0,12,end,NA,1655457311,1655457338,7bc88f6cf9910b2d44d8a23f67cba57734551133,178.228.88,52.312#4.647,0,NA,NA,1,NA,NA,NA,NA,NA,NA,NA,NA,NA,NA,NA,NA,NA,NA,NA,0,NA,NA,NA
137,0,0,0,0,12,end,NA,1655457313,1655458575,e48ab942623c665ee42cf12af6e7ec8641751404,178.228.48,52.3534#4.9087,0,NA,NA,1,NA,NA,NA,NA,NA,NA,NA,NA,NA,NA,NA,NA,NA,NA,NA,0,NA,NA,NA
138,0,0,0,0,12,end,NA,1655457191,1655457414,052fe25e63d3f055d5a3e187a25ef45110919633,178.228.33,52.5607#5.9049,0,NA,NA,1,NA,NA,NA,NA,NA,NA,NA,NA,NA,NA,NA,NA,NA,NA,NA,0,NA,NA,NA
139,0,0,0,0,12,end,NA,1655457271,1655457444,7bc88f6cf9910b2d44d8a23f67cba57712702122,178.228.88,52.312#4.647,0,NA,NA,1,NA,NA,NA,NA,NA,NA,NA,NA,NA,NA,NA,NA,NA,NA,NA,0,NA,NA,NA
140,0,0,0,0,12,end,NA,1655457409,1655458611,e48ab942623c665ee42cf12af6e7ec8685410516,178.228.48,52.3534#4.9087,0,NA,NA,1,NA,NA,NA,NA,NA,NA,NA,NA,NA,NA,NA,NA,NA,NA,NA,0,NA,NA,NA
141,0,0,0,0,12,end,NA,1655457439,1655458123,052fe25e63d3f055d5a3e187a25ef45156776659,178.228.33,52.5607#5.9049,0,NA,NA,1,NA,NA,NA,NA,NA,NA,NA,NA,NA,NA,NA,NA,NA,NA,NA,0,NA,NA,NA
142,0,0,0,0,12,end,NA,1655457366,1655458495,052fe25e63d3f055d5a3e187a25ef45110972594,178.228.33,52.5607#5.9049,0,NA,NA,1,NA,NA,NA,NA,NA,NA,NA,NA,NA,NA,NA,NA,NA,NA,NA,0,NA,NA,NA
143,0,0,0,0,12,end,NA,1655457371,1655458209,7bc88f6cf9910b2d44d8a23f67cba57758540708,178.228.88,52.312#4.647,0,NA,NA,1,NA,NA,NA,NA,NA,NA,NA,NA,NA,NA,NA,NA,NA,NA,NA,0,NA,NA,NA
144,0,0,0,0,12,end,NA,1655457409,1655458295,e48ab942623c665ee42cf12af6e7ec8633658149,178.228.48,52.3534#4.9087,0,NA,NA,1,NA,NA,NA,NA,NA,NA,NA,NA,NA,NA,NA,NA,NA,NA,NA,0,NA,NA,NA
145,0,0,0,0,12,end,NA,1655457362,1655458464,e48ab942623c665ee42cf12af6e7ec8638846646,178.228.48,52.3534#4.9087,0,NA,NA,1,NA,NA,NA,NA,NA,NA,NA,NA,NA,NA,NA,NA,NA,NA,NA,0,NA,NA,NA
146,0,0,0,0,1,end,NA,1655457143,1655457163,052fe25e63d3f055d5a3e187a25ef45166134848,178.228.33,52.5607#5.9049,0,NA,NA,1,NA,NA,NA,NA,NA,NA,NA,NA,NA,NA,NA,NA,NA,NA,NA,0,NA,NA,NA
147,0,0,0,0,12,end,NA,1655457534,1655458086,052fe25e63d3f055d5a3e187a25ef45141471207,178.228.33,52.5607#5.9049,0,NA,NA,1,NA,NA,NA,NA,NA,NA,NA,NA,NA,NA,NA,NA,NA,NA,NA,0,NA,NA,NA
148,0,0,0,0,12,end,NA,1655457403,1655458538,052fe25e63d3f055d5a3e187a25ef45150518951,178.228.33,52.5607#5.9049,0,NA,NA,1,NA,NA,NA,NA,NA,NA,NA,NA,NA,NA,NA,NA,NA,NA,NA,0,NA,NA,NA
149,0,0,0,0,12,end,NA,1655457756,1655458780,7bc88f6cf9910b2d44d8a23f67cba57726270187,178.228.88,52.312#4.647,0,NA,NA,1,NA,NA,NA,NA,NA,NA,NA,NA,NA,NA,NA,NA,NA,NA,NA,0,NA,NA,NA
150,0,0,0,0,1,welkom,NA,1655457736,1655457826,e48ab942623c665ee42cf12af6e7ec8650286582,178.228.48,52.3534#4.9087,0,NA,NA,1,NA,NA,NA,NA,NA,NA,NA,NA,NA,NA,NA,NA,NA,NA,NA,0,NA,NA,NA
151,0,0,0,0,12,end,NA,1655459876,1655460650,e48ab942623c665ee42cf12af6e7ec8631964794,178.228.48,52.3534#4.9087,0,NA,NA,1,NA,NA,NA,NA,NA,NA,NA,NA,NA,NA,NA,NA,NA,NA,NA,0,NA,NA,NA
152,0,0,0,0,12,end,NA,1655461762,1655463196,e48ab942623c665ee42cf12af6e7ec8692215623,178.228.48,52.3534#4.9087,0,NA,NA,1,NA,NA,NA,NA,NA,NA,NA,NA,NA,NA,NA,NA,NA,NA,NA,0,NA,NA,NA
153,0,0,0,0,12,end,NA,1655461779,1655463010,7bc88f6cf9910b2d44d8a23f67cba57719335258,178.228.88,52.312#4.647,0,NA,NA,1,NA,NA,NA,NA,NA,NA,NA,NA,NA,NA,NA,NA,NA,NA,NA,0,NA,NA,NA
154,0,0,0,0,12,end,NA,1655461845,1655463092,e48ab942623c665ee42cf12af6e7ec8697890449,178.228.48,52.3534#4.9087,0,NA,NA,1,NA,NA,NA,NA,NA,NA,NA,NA,NA,NA,NA,NA,NA,NA,NA,0,NA,NA,NA
155,0,0,0,0,12,end,NA,1655462104,1655463149,052fe25e63d3f055d5a3e187a25ef45139753102,178.228.33,52.5607#5.9049,0,NA,NA,1,NA,NA,NA,NA,NA,NA,NA,NA,NA,NA,NA,NA,NA,NA,NA,0,NA,NA,NA
156,0,0,0,0,12,end,NA,1655462060,1655462977,052fe25e63d3f055d5a3e187a25ef45193223586,178.228.33,52.5607#5.9049,0,NA,NA,1,NA,NA,NA,NA,NA,NA,NA,NA,NA,NA,NA,NA,NA,NA,NA,0,NA,NA,NA
157,0,0,0,0,12,end,NA,1655461973,1655463135,e48ab942623c665ee42cf12af6e7ec8682901739,178.228.48,52.3534#4.9087,0,NA,NA,1,NA,NA,NA,NA,NA,NA,NA,NA,NA,NA,NA,NA,NA,NA,NA,0,NA,NA,NA
158,0,0,0,0,12,end,NA,1655462133,1655462163,7bc88f6cf9910b2d44d8a23f67cba57790158952,178.228.88,52.312#4.647,0,NA,NA,1,NA,NA,NA,NA,NA,NA,NA,NA,NA,NA,NA,NA,NA,NA,NA,0,NA,NA,NA
159,0,0,0,0,12,end,NA,1655461883,1655463049,e48ab942623c665ee42cf12af6e7ec8688965915,178.228.48,52.3534#4.9087,0,NA,NA,1,NA,NA,NA,NA,NA,NA,NA,NA,NA,NA,NA,NA,NA,NA,NA,0,NA,NA,NA
160,0,0,0,0,12,end,NA,1655461997,1655462045,052fe25e63d3f055d5a3e187a25ef45110802087,178.228.33,52.5607#5.9049,0,NA,NA,1,NA,NA,NA,NA,NA,NA,NA,NA,NA,NA,NA,NA,NA,NA,NA,0,NA,NA,NA
161,0,0,0,0,12,end,NA,1655462080,1655463023,7bc88f6cf9910b2d44d8a23f67cba57783012030,178.228.88,52.312#4.647,0,NA,NA,1,NA,NA,NA,NA,NA,NA,NA,NA,NA,NA,NA,NA,NA,NA,NA,0,NA,NA,NA
162,0,0,0,0,12,end,NA,1655462172,1655462189,e48ab942623c665ee42cf12af6e7ec8633549102,178.228.48,52.3534#4.9087,0,NA,NA,1,NA,NA,NA,NA,NA,NA,NA,NA,NA,NA,NA,NA,NA,NA,NA,0,NA,NA,NA
163,0,0,0,0,12,end,NA,1655462142,1655462878,052fe25e63d3f055d5a3e187a25ef45142076396,178.228.33,52.5607#5.9049,0,NA,NA,1,NA,NA,NA,NA,NA,NA,NA,NA,NA,NA,NA,NA,NA,NA,NA,0,NA,NA,NA
164,0,0,0,0,12,end,NA,1655462201,1655462958,7bc88f6cf9910b2d44d8a23f67cba57797776786,178.228.88,52.312#4.647,0,NA,NA,1,NA,NA,NA,NA,NA,NA,NA,NA,NA,NA,NA,NA,NA,NA,NA,0,NA,NA,NA
165,0,0,0,0,12,end,NA,1655462303,1655463691,7bc88f6cf9910b2d44d8a23f67cba57796202211,178.228.88,52.312#4.647,0,NA,NA,1,NA,NA,NA,NA,NA,NA,NA,NA,NA,NA,NA,NA,NA,NA,NA,0,NA,NA,NA
166,0,0,0,0,12,end,NA,1655462294,1655462838,052fe25e63d3f055d5a3e187a25ef45137266117,178.228.33,52.5607#5.9049,0,NA,NA,1,NA,NA,NA,NA,NA,NA,NA,NA,NA,NA,NA,NA,NA,NA,NA,0,NA,NA,NA
167,0,0,0,0,12,end,NA,1655462374,1655463577,7bc88f6cf9910b2d44d8a23f67cba57784887223,178.228.88,52.312#4.647,0,NA,NA,1,NA,NA,NA,NA,NA,NA,NA,NA,NA,NA,NA,NA,NA,NA,NA,0,NA,NA,NA
168,0,0,0,0,12,end,NA,1655462272,1655463639,e48ab942623c665ee42cf12af6e7ec8611481054,178.228.48,52.3534#4.9087,0,NA,NA,1,NA,NA,NA,NA,NA,NA,NA,NA,NA,NA,NA,NA,NA,NA,NA,0,NA,NA,NA
169,0,0,0,0,12,end,NA,1655462336,1655462660,e48ab942623c665ee42cf12af6e7ec8625577515,178.228.48,52.3534#4.9087,0,NA,NA,1,NA,NA,NA,NA,NA,NA,NA,NA,NA,NA,NA,NA,NA,NA,NA,0,NA,NA,NA
170,0,0,0,0,12,end,NA,1655462255,1655462897,7bc88f6cf9910b2d44d8a23f67cba57710602684,178.228.88,52.312#4.647,0,NA,NA,1,NA,NA,NA,NA,NA,NA,NA,NA,NA,NA,NA,NA,NA,NA,NA,0,NA,NA,NA
171,0,0,0,0,12,end,NA,1655462388,1655463658,052fe25e63d3f055d5a3e187a25ef45148780585,178.228.33,52.5607#5.9049,0,NA,NA,1,NA,NA,NA,NA,NA,NA,NA,NA,NA,NA,NA,NA,NA,NA,NA,0,NA,NA,NA
172,0,0,0,0,12,end,NA,1655462497,1655463617,e48ab942623c665ee42cf12af6e7ec8643674178,178.228.48,52.3534#4.9087,0,NA,NA,1,NA,NA,NA,NA,NA,NA,NA,NA,NA,NA,NA,NA,NA,NA,NA,0,NA,NA,NA
173,0,0,0,0,12,end,NA,1655462441,1655462561,e48ab942623c665ee42cf12af6e7ec8627189040,178.228.48,52.3534#4.9087,0,NA,NA,1,NA,NA,NA,NA,NA,NA,NA,NA,NA,NA,NA,NA,NA,NA,NA,0,NA,NA,NA
174,0,0,0,0,12,end,NA,1655463082,1655463274,052fe25e63d3f055d5a3e187a25ef45177609034,178.228.33,52.5607#5.9049,0,NA,NA,1,NA,NA,NA,NA,NA,NA,NA,NA,NA,NA,NA,NA,NA,NA,NA,0,NA,NA,NA
175,0,0,0,0,12,end,NA,1655466021,1655466150,e48ab942623c665ee42cf12af6e7ec8638825378,178.228.48,52.3534#4.9087,0,NA,NA,1,NA,NA,NA,NA,NA,NA,NA,NA,NA,NA,NA,NA,NA,NA,NA,0,NA,NA,NA
176,0,0,0,0,12,end,NA,1655466152,1655466199,e48ab942623c665ee42cf12af6e7ec8614804416,178.228.48,52.3534#4.9087,0,NA,NA,1,NA,NA,NA,NA,NA,NA,NA,NA,NA,NA,NA,NA,NA,NA,NA,0,NA,NA,NA
177,0,0,0,0,12,end,NA,1655466045,1655466138,052fe25e63d3f055d5a3e187a25ef45122333540,178.228.33,52.5607#5.9049,0,NA,NA,1,NA,NA,NA,NA,NA,NA,NA,NA,NA,NA,NA,NA,NA,NA,NA,0,NA,NA,NA
178,0,0,0,0,12,end,NA,1655466031,1655466050,e48ab942623c665ee42cf12af6e7ec8692080523,178.228.48,52.3534#4.9087,0,NA,NA,1,NA,NA,NA,NA,NA,NA,NA,NA,NA,NA,NA,NA,NA,NA,NA,0,NA,NA,NA
179,0,0,0,0,12,end,NA,1655466197,1655466336,7bc88f6cf9910b2d44d8a23f67cba57791363574,178.228.88,52.312#4.647,0,NA,NA,1,NA,NA,NA,NA,NA,NA,NA,NA,NA,NA,NA,NA,NA,NA,NA,0,NA,NA,NA
180,0,0,0,0,12,end,NA,1655466028,1655466123,7bc88f6cf9910b2d44d8a23f67cba57756594549,178.228.88,52.312#4.647,0,NA,NA,1,NA,NA,NA,NA,NA,NA,NA,NA,NA,NA,NA,NA,NA,NA,NA,0,NA,NA,NA
181,0,0,0,0,12,end,NA,1655466638,1655466797,052fe25e63d3f055d5a3e187a25ef45183576366,178.228.33,52.5607#5.9049,0,NA,NA,1,NA,NA,NA,NA,NA,NA,NA,NA,NA,NA,NA,NA,NA,NA,NA,0,NA,NA,NA
182,0,0,0,0,12,end,NA,1655466270,1655466958,052fe25e63d3f055d5a3e187a25ef45119738455,178.228.33,52.5607#5.9049,0,NA,NA,1,NA,NA,NA,NA,NA,NA,NA,NA,NA,NA,NA,NA,NA,NA,NA,0,NA,NA,NA
183,0,0,0,0,7,break,NA,1655466156,1655466160,052fe25e63d3f055d5a3e187a25ef45157626107,178.228.33,52.5607#5.9049,0,NA,NA,1,NA,NA,NA,NA,NA,NA,NA,NA,NA,NA,NA,NA,NA,NA,NA,0,NA,NA,NA
184,0,0,0,0,12,end,NA,1655466386,1655466900,7bc88f6cf9910b2d44d8a23f67cba57792516570,178.228.88,52.312#4.647,0,NA,NA,1,NA,NA,NA,NA,NA,NA,NA,NA,NA,NA,NA,NA,NA,NA,NA,0,NA,NA,NA
185,0,0,0,0,12,end,NA,1655466414,1655466630,052fe25e63d3f055d5a3e187a25ef45119217995,178.228.33,52.5607#5.9049,0,NA,NA,1,NA,NA,NA,NA,NA,NA,NA,NA,NA,NA,NA,NA,NA,NA,NA,0,NA,NA,NA
186,0,0,0,0,1,welkom,NA,1655465880,1655465909,e48ab942623c665ee42cf12af6e7ec8664648066,178.228.48,52.3534#4.9087,0,NA,NA,1,NA,NA,NA,NA,NA,NA,NA,NA,NA,NA,NA,NA,NA,NA,NA,0,NA,NA,NA
187,0,0,0,0,12,end,NA,1655466725,1655466989,e48ab942623c665ee42cf12af6e7ec8615813372,178.228.48,52.3534#4.9087,0,NA,NA,1,NA,NA,NA,NA,NA,NA,NA,NA,NA,NA,NA,NA,NA,NA,NA,0,NA,NA,NA
188,0,0,0,0,12,end,NA,1655466383,1655466405,e48ab942623c665ee42cf12af6e7ec8697794330,178.228.48,52.3534#4.9087,0,NA,NA,1,NA,NA,NA,NA,NA,NA,NA,NA,NA,NA,NA,NA,NA,NA,NA,0,NA,NA,NA
189,0,0,0,0,12,end,NA,1655466307,1655466358,7bc88f6cf9910b2d44d8a23f67cba57775111235,178.228.88,52.312#4.647,0,NA,NA,1,NA,NA,NA,NA,NA,NA,NA,NA,NA,NA,NA,NA,NA,NA,NA,0,NA,NA,NA
190,0,0,0,0,1,play,NA,1655466011,1655466056,7bc88f6cf9910b2d44d8a23f67cba57748168647,178.228.88,52.312#4.647,0,NA,NA,1,NA,NA,NA,NA,NA,NA,NA,NA,NA,NA,NA,NA,NA,NA,NA,0,NA,NA,NA
191,0,0,0,0,1,play,NA,1655466045,1655466097,e48ab942623c665ee42cf12af6e7ec8641694986,178.228.48,52.3534#4.9087,0,NA,NA,1,NA,NA,NA,NA,NA,NA,NA,NA,NA,NA,NA,NA,NA,NA,NA,0,NA,NA,NA
192,0,0,0,0,12,end,NA,1655466501,1655466585,052fe25e63d3f055d5a3e187a25ef45139176941,178.228.33,52.5607#5.9049,0,NA,NA,1,NA,NA,NA,NA,NA,NA,NA,NA,NA,NA,NA,NA,NA,NA,NA,0,NA,NA,NA
193,0,0,0,0,12,end,NA,1655466352,1655466673,e48ab942623c665ee42cf12af6e7ec8683532381,178.228.48,52.3534#4.9087,0,NA,NA,1,NA,NA,NA,NA,NA,NA,NA,NA,NA,NA,NA,NA,NA,NA,NA,0,NA,NA,NA
194,0,0,0,0,12,end,NA,1655466210,1655466252,e48ab942623c665ee42cf12af6e7ec8625505382,178.228.48,52.3534#4.9087,0,NA,NA,1,NA,NA,NA,NA,NA,NA,NA,NA,NA,NA,NA,NA,NA,NA,NA,0,NA,NA,NA
195,0,0,0,0,12,end,NA,1655466240,1655466245,e48ab942623c665ee42cf12af6e7ec8681510427,178.228.48,52.3534#4.9087,0,NA,NA,1,NA,NA,NA,NA,NA,NA,NA,NA,NA,NA,NA,NA,NA,NA,NA,0,NA,NA,NA
196,0,0,0,0,12,end,NA,1655466530,1655466602,7bc88f6cf9910b2d44d8a23f67cba57715416041,178.228.88,52.312#4.647,0,NA,NA,1,NA,NA,NA,NA,NA,NA,NA,NA,NA,NA,NA,NA,NA,NA,NA,0,NA,NA,NA
197,0,0,0,0,12,end,NA,1655466509,1655466938,e48ab942623c665ee42cf12af6e7ec8673828120,178.228.48,52.3534#4.9087,0,NA,NA,1,NA,NA,NA,NA,NA,NA,NA,NA,NA,NA,NA,NA,NA,NA,NA,0,NA,NA,NA
198,0,0,0,0,12,end,NA,1655466417,1655466458,052fe25e63d3f055d5a3e187a25ef45159842132,178.228.33,52.5607#5.9049,0,NA,NA,1,NA,NA,NA,NA,NA,NA,NA,NA,NA,NA,NA,NA,NA,NA,NA,0,NA,NA,NA
199,0,0,0,0,12,end,NA,1655466759,1655467855,e48ab942623c665ee42cf12af6e7ec8676747339,178.228.48,52.3534#4.9087,0,NA,NA,1,NA,NA,NA,NA,NA,NA,NA,NA,NA,NA,NA,NA,NA,NA,NA,0,NA,NA,NA
200,0,0,0,0,12,end,NA,1655466799,1655466870,052fe25e63d3f055d5a3e187a25ef45182541468,178.228.33,52.5607#5.9049,0,NA,NA,1,NA,NA,NA,NA,NA,NA,NA,NA,NA,NA,NA,NA,NA,NA,NA,0,NA,NA,NA
201,0,0,0,0,1,i1,NA,1655466255,1655466259,e48ab942623c665ee42cf12af6e7ec8653624103,178.228.48,52.3534#4.9087,0,NA,NA,1,NA,NA,NA,NA,NA,NA,NA,NA,NA,NA,NA,NA,NA,NA,NA,0,NA,NA,NA
202,0,0,0,0,12,end,NA,1655466820,1655466826,7bc88f6cf9910b2d44d8a23f67cba57783789973,178.228.88,52.312#4.647,0,NA,NA,1,NA,NA,NA,NA,NA,NA,NA,NA,NA,NA,NA,NA,NA,NA,NA,0,NA,NA,NA
203,0,0,0,0,12,end,NA,1655466577,1655466691,7bc88f6cf9910b2d44d8a23f67cba57789217049,178.228.88,52.312#4.647,0,NA,NA,1,NA,NA,NA,NA,NA,NA,NA,NA,NA,NA,NA,NA,NA,NA,NA,0,NA,NA,NA
204,0,0,0,0,12,end,NA,1655466539,1655466854,7bc88f6cf9910b2d44d8a23f67cba57756073175,178.228.88,52.312#4.647,0,NA,NA,1,NA,NA,NA,NA,NA,NA,NA,NA,NA,NA,NA,NA,NA,NA,NA,0,NA,NA,NA
205,0,0,0,0,12,end,NA,1655466858,1655467377,e48ab942623c665ee42cf12af6e7ec8614945351,178.228.48,52.3534#4.9087,0,NA,NA,1,NA,NA,NA,NA,NA,NA,NA,NA,NA,NA,NA,NA,NA,NA,NA,0,NA,NA,NA
206,0,0,0,0,12,end,NA,1655467081,1655467460,052fe25e63d3f055d5a3e187a25ef45152055080,178.228.33,52.5607#5.9049,0,NA,NA,1,NA,NA,NA,NA,NA,NA,NA,NA,NA,NA,NA,NA,NA,NA,NA,0,NA,NA,NA
207,0,0,0,0,12,end,NA,1655466956,1655467036,7bc88f6cf9910b2d44d8a23f67cba57799967739,178.228.88,52.312#4.647,0,NA,NA,1,NA,NA,NA,NA,NA,NA,NA,NA,NA,NA,NA,NA,NA,NA,NA,0,NA,NA,NA
208,0,0,0,0,12,end,NA,1655467103,1655467443,052fe25e63d3f055d5a3e187a25ef45159985342,178.228.33,52.5607#5.9049,0,NA,NA,1,NA,NA,NA,NA,NA,NA,NA,NA,NA,NA,NA,NA,NA,NA,NA,0,NA,NA,NA
209,0,0,0,0,12,end,NA,1655467104,1655467419,7bc88f6cf9910b2d44d8a23f67cba57743015976,178.228.88,52.312#4.647,0,NA,NA,1,NA,NA,NA,NA,NA,NA,NA,NA,NA,NA,NA,NA,NA,NA,NA,0,NA,NA,NA
210,0,0,0,0,12,end,NA,1655467209,1655467242,052fe25e63d3f055d5a3e187a25ef45157316558,178.228.33,52.5607#5.9049,0,NA,NA,1,NA,NA,NA,NA,NA,NA,NA,NA,NA,NA,NA,NA,NA,NA,NA,0,NA,NA,NA
211,0,0,0,0,12,end,NA,1655467210,1655467221,e48ab942623c665ee42cf12af6e7ec8626266027,178.228.48,52.3534#4.9087,0,NA,NA,1,NA,NA,NA,NA,NA,NA,NA,NA,NA,NA,NA,NA,NA,NA,NA,0,NA,NA,NA
212,0,0,0,0,1,i3,NA,1655467243,1655467247,e48ab942623c665ee42cf12af6e7ec8630592520,178.228.48,52.3534#4.9087,0,NA,NA,1,NA,NA,NA,NA,NA,NA,NA,NA,NA,NA,NA,NA,NA,NA,NA,0,NA,NA,NA
213,0,0,0,0,12,end,NA,1655794770,1655794956,6b7dcde3e5c56dabf8ceb964a650b51830279844,178.226.46,52.9551#5.8658,0,NA,NA,1,NA,NA,NA,NA,NA,NA,NA,NA,NA,NA,NA,NA,NA,NA,NA,0,NA,NA,NA
214,0,0,0,0,12,end,NA,1655794941,1655795027,4afbd35b4ef0b5a73279868d15bc58e737744416,178.228.18,52.3824#4.8995,0,NA,NA,1,NA,NA,NA,NA,NA,NA,NA,NA,NA,NA,NA,NA,NA,NA,NA,0,NA,NA,NA
215,0,0,0,0,12,end,NA,1655795455,1655796154,3bb15218b0095faaf455119abe870a9d55202508,178.228.68,52.3824#4.8995,0,NA,NA,1,NA,NA,NA,NA,NA,NA,NA,NA,NA,NA,NA,NA,NA,NA,NA,0,NA,NA,NA
216,0,0,0,0,12,end,NA,1655794854,1655795064,4afbd35b4ef0b5a73279868d15bc58e781942639,178.228.18,52.3824#4.8995,0,NA,NA,1,NA,NA,NA,NA,NA,NA,NA,NA,NA,NA,NA,NA,NA,NA,NA,0,NA,NA,NA
217,0,0,0,0,12,end,NA,1655795018,1655795033,6b7dcde3e5c56dabf8ceb964a650b51892876761,178.226.46,52.9551#5.8658,0,NA,NA,1,NA,NA,NA,NA,NA,NA,NA,NA,NA,NA,NA,NA,NA,NA,NA,0,NA,NA,NA
218,0,0,0,0,12,end,NA,1655794827,1655794902,3bb15218b0095faaf455119abe870a9d60539520,178.228.68,52.3824#4.8995,0,NA,NA,1,NA,NA,NA,NA,NA,NA,NA,NA,NA,NA,NA,NA,NA,NA,NA,0,NA,NA,NA
219,0,0,0,0,12,end,NA,1655795025,1655795536,4afbd35b4ef0b5a73279868d15bc58e759168200,178.228.18,52.3824#4.8995,0,NA,NA,1,NA,NA,NA,NA,NA,NA,NA,NA,NA,NA,NA,NA,NA,NA,NA,0,NA,NA,NA
220,0,0,0,0,12,end,NA,1655794974,1655796121,4afbd35b4ef0b5a73279868d15bc58e761075334,178.228.18,52.3824#4.8995,0,NA,NA,1,NA,NA,NA,NA,NA,NA,NA,NA,NA,NA,NA,NA,NA,NA,NA,0,NA,NA,NA
221,0,0,0,0,12,end,NA,1655795422,1655796140,6b7dcde3e5c56dabf8ceb964a650b51830306842,178.226.46,52.9551#5.8658,0,NA,NA,1,NA,NA,NA,NA,NA,NA,NA,NA,NA,NA,NA,NA,NA,NA,NA,0,NA,NA,NA
222,0,0,0,0,12,end,NA,1655795124,1655796154,3bb15218b0095faaf455119abe870a9d94187047,178.228.68,52.3824#4.8995,0,NA,NA,1,NA,NA,NA,NA,NA,NA,NA,NA,NA,NA,NA,NA,NA,NA,NA,0,NA,NA,NA
223,0,0,0,0,12,end,NA,1655795064,1655796152,3bb15218b0095faaf455119abe870a9d53208307,178.228.68,52.3824#4.8995,0,NA,NA,1,NA,NA,NA,NA,NA,NA,NA,NA,NA,NA,NA,NA,NA,NA,NA,0,NA,NA,NA
224,0,0,0,0,12,end,NA,1655794913,1655796154,3bb15218b0095faaf455119abe870a9d65709534,178.228.68,52.3824#4.8995,0,NA,NA,1,NA,NA,NA,NA,NA,NA,NA,NA,NA,NA,NA,NA,NA,NA,NA,0,NA,NA,NA
225,0,0,0,0,12,end,NA,1655795231,1655796138,6b7dcde3e5c56dabf8ceb964a650b51841332790,178.226.46,52.9551#5.8658,0,NA,NA,1,NA,NA,NA,NA,NA,NA,NA,NA,NA,NA,NA,NA,NA,NA,NA,0,NA,NA,NA
226,0,0,0,0,12,end,NA,1655795268,1655796154,3bb15218b0095faaf455119abe870a9d92696552,178.228.68,52.3824#4.8995,0,NA,NA,1,NA,NA,NA,NA,NA,NA,NA,NA,NA,NA,NA,NA,NA,NA,NA,0,NA,NA,NA
227,0,0,0,0,12,end,NA,1655795171,1655796139,6b7dcde3e5c56dabf8ceb964a650b51888668004,178.226.46,52.9551#5.8658,0,NA,NA,1,NA,NA,NA,NA,NA,NA,NA,NA,NA,NA,NA,NA,NA,NA,NA,0,NA,NA,NA
228,0,0,0,0,12,end,NA,1655795223,1655796140,6b7dcde3e5c56dabf8ceb964a650b51878922705,178.226.46,52.9551#5.8658,0,NA,NA,1,NA,NA,NA,NA,NA,NA,NA,NA,NA,NA,NA,NA,NA,NA,NA,0,NA,NA,NA
229,0,0,0,0,1,i8,NA,1655794812,1655794812,4afbd35b4ef0b5a73279868d15bc58e793605709,178.228.18,52.3824#4.8995,0,NA,NA,1,NA,NA,NA,NA,NA,NA,NA,NA,NA,NA,NA,NA,NA,NA,NA,0,NA,NA,NA
230,0,0,0,0,12,end,NA,1655795149,1655796140,6b7dcde3e5c56dabf8ceb964a650b51833471342,178.226.46,52.9551#5.8658,0,NA,NA,1,NA,NA,NA,NA,NA,NA,NA,NA,NA,NA,NA,NA,NA,NA,NA,0,NA,NA,NA
231,0,0,0,0,12,end,NA,1655795182,1655796152,3bb15218b0095faaf455119abe870a9d75485710,178.228.68,52.3824#4.8995,0,NA,NA,1,NA,NA,NA,NA,NA,NA,NA,NA,NA,NA,NA,NA,NA,NA,NA,0,NA,NA,NA
232,0,0,0,0,12,end,NA,1655795237,1655795625,4afbd35b4ef0b5a73279868d15bc58e769367663,178.228.18,52.3824#4.8995,0,NA,NA,1,NA,NA,NA,NA,NA,NA,NA,NA,NA,NA,NA,NA,NA,NA,NA,0,NA,NA,NA
233,0,0,0,0,12,end,NA,1655795761,1655795791,3bb15218b0095faaf455119abe870a9d89804065,178.228.68,52.3824#4.8995,0,NA,NA,1,NA,NA,NA,NA,NA,NA,NA,NA,NA,NA,NA,NA,NA,NA,NA,0,NA,NA,NA
234,0,0,0,0,12,end,NA,1655795892,1655796141,6b7dcde3e5c56dabf8ceb964a650b51841636296,178.226.46,52.9551#5.8658,0,NA,NA,1,NA,NA,NA,NA,NA,NA,NA,NA,NA,NA,NA,NA,NA,NA,NA,0,NA,NA,NA
