playerNr,groupNr,subjectNr,groupNrStart,currentGroupSize,period,onPage,connected,tStart,lastActionTime,ipaddress,ipaddress_part,location,waitMore,lobbyReady,enterLobby,role,wait_380446ready,wait_380474ready,wait_380448ready,wait_380449ready,wait_380450ready,wait_380451ready,wait_380452ready,wait_380453ready,wait_380454ready,wait_380455ready,wait_380456ready,wait_380457ready,wait_380458ready,wait_380459ready,wait_380460ready,wait_380461ready,wait_380462ready,wait_380463ready,wait_380464ready,wait_lastInPeriod,periodReady,leftExperiment,experimentTerminated,groupAborted
1,0,0,0,0,12,end,0,1686044881,1686044907,5297a079365c73125d6b05854bb3f14f81704773,178.224.11,51.7731#4.6752,0,NA,NA,1,NA,NA,NA,NA,NA,NA,NA,NA,NA,NA,NA,NA,NA,NA,NA,NA,NA,NA,NA,NA,0,NA,NA,NA
2,0,0,0,0,12,end,0,1686044909,1686044924,5e2b1ee519084e5caa59328645b8825830040534,178.224.10,50.9033#5.8829,0,NA,NA,1,NA,NA,NA,NA,NA,NA,NA,NA,NA,NA,NA,NA,NA,NA,NA,NA,NA,NA,NA,NA,0,NA,NA,NA
3,0,0,0,0,12,end,0,1686044787,1686044801,5297a079365c73125d6b05854bb3f14f32279348,178.224.11,51.7731#4.6752,0,NA,NA,1,NA,NA,NA,NA,NA,NA,NA,NA,NA,NA,NA,NA,NA,NA,NA,NA,NA,NA,NA,NA,0,NA,NA,NA
4,0,0,0,0,12,end,0,1686045114,1686045109,bce49d7bcf8f51b6be7ad12debb4bffc93628532,178.226.87,52.9405#6.6016,0,NA,NA,1,NA,NA,NA,NA,NA,NA,NA,NA,NA,NA,NA,NA,NA,NA,NA,NA,NA,NA,NA,NA,0,NA,NA,NA
5,0,0,0,0,12,end,0,1686045088,1686045118,5297a079365c73125d6b05854bb3f14f38653135,178.224.11,51.7731#4.6752,0,NA,NA,1,NA,NA,NA,NA,NA,NA,NA,NA,NA,NA,NA,NA,NA,NA,NA,NA,NA,NA,NA,NA,0,NA,NA,NA
6,0,0,0,0,12,end,0,1686045132,1686045154,5297a079365c73125d6b05854bb3f14f34892980,178.224.11,51.7731#4.6752,0,NA,NA,1,NA,NA,NA,NA,NA,NA,NA,NA,NA,NA,NA,NA,NA,NA,NA,NA,NA,NA,NA,NA,0,NA,NA,NA
7,0,0,0,0,12,end,0,1686044841,1686044854,5297a079365c73125d6b05854bb3f14f30004648,178.224.11,51.7731#4.6752,0,NA,NA,1,NA,NA,NA,NA,NA,NA,NA,NA,NA,NA,NA,NA,NA,NA,NA,NA,NA,NA,NA,NA,0,NA,NA,NA
8,0,0,0,0,12,end,0,1686045106,1686045141,5297a079365c73125d6b05854bb3f14f41738615,178.224.11,51.7731#4.6752,0,NA,NA,1,NA,NA,NA,NA,NA,NA,NA,NA,NA,NA,NA,NA,NA,NA,NA,NA,NA,NA,NA,NA,0,NA,NA,NA
9,0,0,0,0,12,end,0,1686045091,1686045106,5297a079365c73125d6b05854bb3f14f66963927,178.224.11,51.7731#4.6752,0,NA,NA,1,NA,NA,NA,NA,NA,NA,NA,NA,NA,NA,NA,NA,NA,NA,NA,NA,NA,NA,NA,NA,0,NA,NA,NA
10,0,0,0,0,12,end,0,1686045124,1686045163,5297a079365c73125d6b05854bb3f14f45797863,178.224.11,51.7731#4.6752,0,NA,NA,1,NA,NA,NA,NA,NA,NA,NA,NA,NA,NA,NA,NA,NA,NA,NA,NA,NA,NA,NA,NA,0,NA,NA,NA
11,0,0,0,0,12,end,0,1686045100,1686045132,5297a079365c73125d6b05854bb3f14f15358912,178.224.11,51.7731#4.6752,0,NA,NA,1,NA,NA,NA,NA,NA,NA,NA,NA,NA,NA,NA,NA,NA,NA,NA,NA,NA,NA,NA,NA,0,NA,NA,NA
12,0,0,0,0,10,play,0,1686044628,1686044815,5297a079365c73125d6b05854bb3f14f80613290,178.224.11,51.7731#4.6752,0,NA,NA,1,NA,NA,NA,NA,NA,NA,NA,NA,NA,NA,NA,NA,NA,NA,NA,NA,NA,NA,NA,NA,0,NA,NA,NA
13,0,0,0,0,12,end,0,1686044978,1686045024,5297a079365c73125d6b05854bb3f14f25814488,178.224.11,51.7731#4.6752,0,NA,NA,1,NA,NA,NA,NA,NA,NA,NA,NA,NA,NA,NA,NA,NA,NA,NA,NA,NA,NA,NA,NA,0,NA,NA,NA
14,0,0,0,0,2,play,0,1686044376,1686044397,5297a079365c73125d6b05854bb3f14f32340496,178.224.11,51.7731#4.6752,0,NA,NA,1,NA,NA,NA,NA,NA,NA,NA,NA,NA,NA,NA,NA,NA,NA,NA,NA,NA,NA,NA,NA,0,NA,NA,NA
15,0,0,0,0,12,end,0,1686045429,1686045449,bce49d7bcf8f51b6be7ad12debb4bffc15039518,178.226.87,52.9405#6.6016,0,NA,NA,1,NA,NA,NA,NA,NA,NA,NA,NA,NA,NA,NA,NA,NA,NA,NA,NA,NA,NA,NA,NA,0,NA,NA,NA
16,0,0,0,0,12,end,0,1686045176,1686045190,5e2b1ee519084e5caa59328645b8825893847556,178.224.10,50.9033#5.8829,0,NA,NA,1,NA,NA,NA,NA,NA,NA,NA,NA,NA,NA,NA,NA,NA,NA,NA,NA,NA,NA,NA,NA,0,NA,NA,NA
17,0,0,0,0,12,end,0,1686045760,1686045776,5297a079365c73125d6b05854bb3f14f51780685,178.224.11,51.7731#4.6752,0,NA,NA,1,NA,NA,NA,NA,NA,NA,NA,NA,NA,NA,NA,NA,NA,NA,NA,NA,NA,NA,NA,NA,0,NA,NA,NA
18,0,0,0,0,12,end,0,1686045322,1686045343,5297a079365c73125d6b05854bb3f14f73396860,178.224.11,51.7731#4.6752,0,NA,NA,1,NA,NA,NA,NA,NA,NA,NA,NA,NA,NA,NA,NA,NA,NA,NA,NA,NA,NA,NA,NA,0,NA,NA,NA
19,0,0,0,0,12,end,0,1686045522,1686045532,477a02a462d696040ecf5b69f38a330875666881,109.38.133,52.3782#4.853,0,NA,NA,1,NA,NA,NA,NA,NA,NA,NA,NA,NA,NA,NA,NA,NA,NA,NA,NA,NA,NA,NA,NA,0,NA,NA,NA
20,0,0,0,0,12,end,0,1686045770,1686045825,5297a079365c73125d6b05854bb3f14f82145016,178.224.11,51.7731#4.6752,0,NA,NA,1,NA,NA,NA,NA,NA,NA,NA,NA,NA,NA,NA,NA,NA,NA,NA,NA,NA,NA,NA,NA,0,NA,NA,NA
21,0,0,0,0,12,play,0,1686045402,1686045743,5297a079365c73125d6b05854bb3f14f49069583,178.224.11,51.7731#4.6752,0,NA,NA,1,NA,NA,NA,NA,NA,NA,NA,NA,NA,NA,NA,NA,NA,NA,NA,NA,NA,NA,NA,NA,0,NA,NA,NA
22,0,0,0,0,1,iend,0,1686045205,1686045252,bce49d7bcf8f51b6be7ad12debb4bffc74246466,178.226.87,52.9405#6.6016,0,NA,NA,1,NA,NA,NA,NA,NA,NA,NA,NA,NA,NA,NA,NA,NA,NA,NA,NA,NA,NA,NA,NA,0,NA,NA,NA
23,0,0,0,0,0,NA,NA,0,0,bce49d7bcf8f51b6be7ad12debb4bffc67185074,178.226.87,52.9405#6.6016,0,NA,NA,NA,NA,NA,NA,NA,NA,NA,NA,NA,NA,NA,NA,NA,NA,NA,NA,NA,NA,NA,NA,NA,NA,NA,NA,NA
24,0,0,0,0,1,welcome,0,1686045546,1686045566,0872a3da140c78795a4b7a59700c096c71278075,31.186.166,53.2066#5.7697,0,NA,NA,1,NA,NA,NA,NA,NA,NA,NA,NA,NA,NA,NA,NA,NA,NA,NA,NA,NA,NA,NA,NA,0,NA,NA,NA
25,0,0,0,0,12,end,0,1686047641,1686047660,5297a079365c73125d6b05854bb3f14f40124516,178.224.11,51.7731#4.6752,0,NA,NA,1,NA,NA,NA,NA,NA,NA,NA,NA,NA,NA,NA,NA,NA,NA,NA,NA,NA,NA,NA,NA,0,NA,NA,NA
26,0,0,0,0,12,end,0,1686047683,1686047690,5e2b1ee519084e5caa59328645b8825823851886,178.224.10,50.9033#5.8829,0,NA,NA,1,NA,NA,NA,NA,NA,NA,NA,NA,NA,NA,NA,NA,NA,NA,NA,NA,NA,NA,NA,NA,0,NA,NA,NA
27,0,0,0,0,12,end,0,1686047683,1686047717,5297a079365c73125d6b05854bb3f14f82155439,178.224.11,51.7731#4.6752,0,NA,NA,1,NA,NA,NA,NA,NA,NA,NA,NA,NA,NA,NA,NA,NA,NA,NA,NA,NA,NA,NA,NA,0,NA,NA,NA
28,0,0,0,0,10,end,0,1686047476,1686047532,5297a079365c73125d6b05854bb3f14f26230517,178.224.11,51.7731#4.6752,0,NA,NA,1,NA,NA,NA,NA,NA,NA,NA,NA,NA,NA,NA,NA,NA,NA,NA,NA,NA,NA,NA,NA,0,NA,NA,NA
29,0,0,0,0,12,end,0,1686047797,1686047810,5297a079365c73125d6b05854bb3f14f31235448,178.224.11,51.7731#4.6752,0,NA,NA,1,NA,NA,NA,NA,NA,NA,NA,NA,NA,NA,NA,NA,NA,NA,NA,NA,NA,NA,NA,NA,0,NA,NA,NA
30,0,0,0,0,12,end,0,1686048038,1686048428,5297a079365c73125d6b05854bb3f14f64720118,178.224.11,51.7731#4.6752,0,NA,NA,1,NA,NA,NA,NA,NA,NA,NA,NA,NA,NA,NA,NA,NA,NA,NA,NA,NA,NA,NA,NA,0,NA,NA,NA
31,0,0,0,0,12,end,0,1686048144,1686051162,bce49d7bcf8f51b6be7ad12debb4bffc66634825,178.226.87,52.9405#6.6016,0,NA,NA,1,NA,NA,NA,NA,NA,NA,NA,NA,NA,NA,NA,NA,NA,NA,NA,NA,NA,NA,NA,NA,0,NA,NA,NA
32,0,0,0,0,12,end,0,1686047879,1686047886,5297a079365c73125d6b05854bb3f14f53645646,178.224.11,51.7731#4.6752,0,NA,NA,1,NA,NA,NA,NA,NA,NA,NA,NA,NA,NA,NA,NA,NA,NA,NA,NA,NA,NA,NA,NA,0,NA,NA,NA
33,0,0,0,0,12,end,0,1686048088,1686048447,5297a079365c73125d6b05854bb3f14f72824362,178.224.11,51.7731#4.6752,0,NA,NA,1,NA,NA,NA,NA,NA,NA,NA,NA,NA,NA,NA,NA,NA,NA,NA,NA,NA,NA,NA,NA,0,NA,NA,NA
34,0,0,0,0,12,end,0,1686047821,1686047836,5e2b1ee519084e5caa59328645b8825841918503,178.224.10,50.9033#5.8829,0,NA,NA,1,NA,NA,NA,NA,NA,NA,NA,NA,NA,NA,NA,NA,NA,NA,NA,NA,NA,NA,NA,NA,0,NA,NA,NA
35,0,0,0,0,12,end,0,1686047924,1686047943,5297a079365c73125d6b05854bb3f14f38965826,178.224.11,51.7731#4.6752,0,NA,NA,1,NA,NA,NA,NA,NA,NA,NA,NA,NA,NA,NA,NA,NA,NA,NA,NA,NA,NA,NA,NA,0,NA,NA,NA
36,0,0,0,0,12,end,0,1686047924,1686048045,5297a079365c73125d6b05854bb3f14f44551018,178.224.11,51.7731#4.6752,0,NA,NA,1,NA,NA,NA,NA,NA,NA,NA,NA,NA,NA,NA,NA,NA,NA,NA,NA,NA,NA,NA,NA,0,NA,NA,NA
37,0,0,0,0,12,end,0,1686047898,1686047908,bce49d7bcf8f51b6be7ad12debb4bffc38180260,178.226.87,52.9405#6.6016,0,NA,NA,1,NA,NA,NA,NA,NA,NA,NA,NA,NA,NA,NA,NA,NA,NA,NA,NA,NA,NA,NA,NA,0,NA,NA,NA
38,0,0,0,0,12,end,0,1686048074,1686050994,5297a079365c73125d6b05854bb3f14f94622744,178.224.11,51.7731#4.6752,0,NA,NA,1,NA,NA,NA,NA,NA,NA,NA,NA,NA,NA,NA,NA,NA,NA,NA,NA,NA,NA,NA,NA,0,NA,NA,NA
39,0,0,0,0,12,end,0,1686047857,1686048417,bce49d7bcf8f51b6be7ad12debb4bffc47731804,178.226.87,52.9405#6.6016,0,NA,NA,1,NA,NA,NA,NA,NA,NA,NA,NA,NA,NA,NA,NA,NA,NA,NA,NA,NA,NA,NA,NA,0,NA,NA,NA
40,0,0,0,0,12,end,0,1686047973,1686048398,5297a079365c73125d6b05854bb3f14f20999645,178.224.11,51.7731#4.6752,0,NA,NA,1,NA,NA,NA,NA,NA,NA,NA,NA,NA,NA,NA,NA,NA,NA,NA,NA,NA,NA,NA,NA,0,NA,NA,NA
41,0,0,0,0,12,end,0,1686048010,1686048035,bce49d7bcf8f51b6be7ad12debb4bffc28781464,178.226.87,52.9405#6.6016,0,NA,NA,1,NA,NA,NA,NA,NA,NA,NA,NA,NA,NA,NA,NA,NA,NA,NA,NA,NA,NA,NA,NA,0,NA,NA,NA
42,0,0,0,0,12,end,0,1686048013,1686048556,5297a079365c73125d6b05854bb3f14f61947484,178.224.11,51.7731#4.6752,0,NA,NA,1,NA,NA,NA,NA,NA,NA,NA,NA,NA,NA,NA,NA,NA,NA,NA,NA,NA,NA,NA,NA,0,NA,NA,NA
43,0,0,0,0,12,end,0,1686048099,1686048115,5e2b1ee519084e5caa59328645b8825899152168,178.224.10,50.9033#5.8829,0,NA,NA,1,NA,NA,NA,NA,NA,NA,NA,NA,NA,NA,NA,NA,NA,NA,NA,NA,NA,NA,NA,NA,0,NA,NA,NA
44,0,0,0,0,12,end,0,1686048041,1686048409,5e2b1ee519084e5caa59328645b8825895158614,178.224.10,50.9033#5.8829,0,NA,NA,1,NA,NA,NA,NA,NA,NA,NA,NA,NA,NA,NA,NA,NA,NA,NA,NA,NA,NA,NA,NA,0,NA,NA,NA
45,0,0,0,0,12,end,0,1686048147,1686048164,5297a079365c73125d6b05854bb3f14f56147853,178.224.11,51.7731#4.6752,0,NA,NA,1,NA,NA,NA,NA,NA,NA,NA,NA,NA,NA,NA,NA,NA,NA,NA,NA,NA,NA,NA,NA,0,NA,NA,NA
46,0,0,0,0,5,play,0,1686047198,1686047419,5297a079365c73125d6b05854bb3f14f87537245,178.224.11,51.7731#4.6752,0,NA,NA,1,NA,NA,NA,NA,NA,NA,NA,NA,NA,NA,NA,NA,NA,NA,NA,NA,NA,NA,NA,NA,0,NA,NA,NA
47,0,0,0,0,12,end,0,1686048094,1686048135,5e2b1ee519084e5caa59328645b8825882269004,178.224.10,50.9033#5.8829,0,NA,NA,1,NA,NA,NA,NA,NA,NA,NA,NA,NA,NA,NA,NA,NA,NA,NA,NA,NA,NA,NA,NA,0,NA,NA,NA
48,0,0,0,0,12,end,0,1686048088,1686048101,5297a079365c73125d6b05854bb3f14f32420099,178.224.11,51.7731#4.6752,0,NA,NA,1,NA,NA,NA,NA,NA,NA,NA,NA,NA,NA,NA,NA,NA,NA,NA,NA,NA,NA,NA,NA,0,NA,NA,NA
49,0,0,0,0,12,end,0,1686048253,1686052319,5e2b1ee519084e5caa59328645b8825861692357,178.224.10,50.9033#5.8829,0,NA,NA,1,NA,NA,NA,NA,NA,NA,NA,NA,NA,NA,NA,NA,NA,NA,NA,NA,NA,NA,NA,NA,0,NA,NA,NA
50,0,0,0,0,12,end,0,1686048275,1686051195,5e2b1ee519084e5caa59328645b8825862073351,178.224.10,50.9033#5.8829,0,NA,NA,1,NA,NA,NA,NA,NA,NA,NA,NA,NA,NA,NA,NA,NA,NA,NA,NA,NA,NA,NA,NA,0,NA,NA,NA
51,0,0,0,0,12,end,0,1686048207,1686048230,bce49d7bcf8f51b6be7ad12debb4bffc87163216,178.226.87,52.9405#6.6016,0,NA,NA,1,NA,NA,NA,NA,NA,NA,NA,NA,NA,NA,NA,NA,NA,NA,NA,NA,NA,NA,NA,NA,0,NA,NA,NA
52,0,0,0,0,12,end,0,1686052049,1686052339,5297a079365c73125d6b05854bb3f14f49284366,178.224.11,51.7731#4.6752,0,NA,NA,1,NA,NA,NA,NA,NA,NA,NA,NA,NA,NA,NA,NA,NA,NA,NA,NA,NA,NA,NA,NA,0,NA,NA,NA
53,0,0,0,0,12,end,0,1686052136,1686052230,5e2b1ee519084e5caa59328645b8825841814610,178.224.10,50.9033#5.8829,0,NA,NA,1,NA,NA,NA,NA,NA,NA,NA,NA,NA,NA,NA,NA,NA,NA,NA,NA,NA,NA,NA,NA,0,NA,NA,NA
54,0,0,0,0,12,end,0,1686052180,1686053293,5297a079365c73125d6b05854bb3f14f27011143,178.224.11,51.7731#4.6752,0,NA,NA,1,NA,NA,NA,NA,NA,NA,NA,NA,NA,NA,NA,NA,NA,NA,NA,NA,NA,NA,NA,NA,0,NA,NA,NA
55,0,0,0,0,12,end,0,1686052155,1686052358,bce49d7bcf8f51b6be7ad12debb4bffc64996078,178.226.87,52.9405#6.6016,0,NA,NA,1,NA,NA,NA,NA,NA,NA,NA,NA,NA,NA,NA,NA,NA,NA,NA,NA,NA,NA,NA,NA,0,NA,NA,NA
56,0,0,0,0,12,end,0,1686052227,1686052378,5297a079365c73125d6b05854bb3f14f87303857,178.224.11,51.7731#4.6752,0,NA,NA,1,NA,NA,NA,NA,NA,NA,NA,NA,NA,NA,NA,NA,NA,NA,NA,NA,NA,NA,NA,NA,0,NA,NA,NA
57,0,0,0,0,12,end,0,1686052621,1686052628,5297a079365c73125d6b05854bb3f14f98586785,178.224.11,51.7731#4.6752,0,NA,NA,1,NA,NA,NA,NA,NA,NA,NA,NA,NA,NA,NA,NA,NA,NA,NA,NA,NA,NA,NA,NA,0,NA,NA,NA
58,0,0,0,0,12,end,0,1686052115,1686052401,bce49d7bcf8f51b6be7ad12debb4bffc91214279,178.226.87,52.9405#6.6016,0,NA,NA,1,NA,NA,NA,NA,NA,NA,NA,NA,NA,NA,NA,NA,NA,NA,NA,NA,NA,NA,NA,NA,0,NA,NA,NA
59,0,0,0,0,4,play,0,1686051287,1686051482,5297a079365c73125d6b05854bb3f14f80846009,178.224.11,51.7731#4.6752,0,NA,NA,1,NA,NA,NA,NA,NA,NA,NA,NA,NA,NA,NA,NA,NA,NA,NA,NA,NA,NA,NA,NA,0,NA,NA,NA
60,0,0,0,0,12,end,0,1686052422,1686052506,5e2b1ee519084e5caa59328645b8825892731270,178.224.10,50.9033#5.8829,0,NA,NA,1,NA,NA,NA,NA,NA,NA,NA,NA,NA,NA,NA,NA,NA,NA,NA,NA,NA,NA,NA,NA,0,NA,NA,NA
61,0,0,0,0,12,end,0,1686052623,1686053017,5297a079365c73125d6b05854bb3f14f20562703,178.224.11,51.7731#4.6752,0,NA,NA,1,NA,NA,NA,NA,NA,NA,NA,NA,NA,NA,NA,NA,NA,NA,NA,NA,NA,NA,NA,NA,0,NA,NA,NA
62,0,0,0,0,1,quiz,0,1686051295,1686051347,5e2b1ee519084e5caa59328645b8825899017213,178.224.10,50.9033#5.8829,0,NA,NA,1,NA,NA,NA,NA,NA,NA,NA,NA,NA,NA,NA,NA,NA,NA,NA,NA,NA,NA,NA,NA,0,NA,NA,NA
63,0,0,0,0,12,end,0,1686052394,1686052450,bce49d7bcf8f51b6be7ad12debb4bffc82583384,178.226.87,52.9405#6.6016,0,NA,NA,1,NA,NA,NA,NA,NA,NA,NA,NA,NA,NA,NA,NA,NA,NA,NA,NA,NA,NA,NA,NA,0,NA,NA,NA
64,0,0,0,0,12,end,0,1686052189,1686052203,5297a079365c73125d6b05854bb3f14f12336687,178.224.11,51.7731#4.6752,0,NA,NA,1,NA,NA,NA,NA,NA,NA,NA,NA,NA,NA,NA,NA,NA,NA,NA,NA,NA,NA,NA,NA,0,NA,NA,NA
65,0,0,0,0,12,end,0,1686052386,1686052465,bce49d7bcf8f51b6be7ad12debb4bffc63157763,178.226.87,52.9405#6.6016,0,NA,NA,1,NA,NA,NA,NA,NA,NA,NA,NA,NA,NA,NA,NA,NA,NA,NA,NA,NA,NA,NA,NA,0,NA,NA,NA
66,0,0,0,0,12,end,0,1686052283,1686052296,bce49d7bcf8f51b6be7ad12debb4bffc28255147,178.226.87,52.9405#6.6016,0,NA,NA,1,NA,NA,NA,NA,NA,NA,NA,NA,NA,NA,NA,NA,NA,NA,NA,NA,NA,NA,NA,NA,0,NA,NA,NA
67,0,0,0,0,12,end,0,1686052374,1686052490,5297a079365c73125d6b05854bb3f14f21906253,178.224.11,51.7731#4.6752,0,NA,NA,1,NA,NA,NA,NA,NA,NA,NA,NA,NA,NA,NA,NA,NA,NA,NA,NA,NA,NA,NA,NA,0,NA,NA,NA
68,0,0,0,0,12,end,0,1686052312,1686052325,5297a079365c73125d6b05854bb3f14f78923342,178.224.11,51.7731#4.6752,0,NA,NA,1,NA,NA,NA,NA,NA,NA,NA,NA,NA,NA,NA,NA,NA,NA,NA,NA,NA,NA,NA,NA,0,NA,NA,NA
69,0,0,0,0,12,end,0,1686052433,1686052451,5e2b1ee519084e5caa59328645b8825862189738,178.224.10,50.9033#5.8829,0,NA,NA,1,NA,NA,NA,NA,NA,NA,NA,NA,NA,NA,NA,NA,NA,NA,NA,NA,NA,NA,NA,NA,0,NA,NA,NA
70,0,0,0,0,12,end,0,1686052340,1686052359,5297a079365c73125d6b05854bb3f14f56426768,178.224.11,51.7731#4.6752,0,NA,NA,1,NA,NA,NA,NA,NA,NA,NA,NA,NA,NA,NA,NA,NA,NA,NA,NA,NA,NA,NA,NA,0,NA,NA,NA
71,0,0,0,0,12,end,0,1686052587,1686052604,5297a079365c73125d6b05854bb3f14f77507723,178.224.11,51.7731#4.6752,0,NA,NA,1,NA,NA,NA,NA,NA,NA,NA,NA,NA,NA,NA,NA,NA,NA,NA,NA,NA,NA,NA,NA,0,NA,NA,NA
72,0,0,0,0,12,end,0,1686052312,1686052322,bce49d7bcf8f51b6be7ad12debb4bffc46104189,178.226.87,52.9405#6.6016,0,NA,NA,1,NA,NA,NA,NA,NA,NA,NA,NA,NA,NA,NA,NA,NA,NA,NA,NA,NA,NA,NA,NA,0,NA,NA,NA
73,0,0,0,0,12,end,0,1686052471,1686052531,5297a079365c73125d6b05854bb3f14f21428237,178.224.11,51.7731#4.6752,0,NA,NA,1,NA,NA,NA,NA,NA,NA,NA,NA,NA,NA,NA,NA,NA,NA,NA,NA,NA,NA,NA,NA,0,NA,NA,NA
74,0,0,0,0,12,end,0,1686052748,1686052774,5297a079365c73125d6b05854bb3f14f41802341,178.224.11,51.7731#4.6752,0,NA,NA,1,NA,NA,NA,NA,NA,NA,NA,NA,NA,NA,NA,NA,NA,NA,NA,NA,NA,NA,NA,NA,0,NA,NA,NA
75,0,0,0,0,12,end,0,1686052648,1686052667,5e2b1ee519084e5caa59328645b8825844845508,178.224.10,50.9033#5.8829,0,NA,NA,1,NA,NA,NA,NA,NA,NA,NA,NA,NA,NA,NA,NA,NA,NA,NA,NA,NA,NA,NA,NA,0,NA,NA,NA
76,0,0,0,0,12,end,0,1686052511,1686052579,5e2b1ee519084e5caa59328645b8825897520209,178.224.10,50.9033#5.8829,0,NA,NA,1,NA,NA,NA,NA,NA,NA,NA,NA,NA,NA,NA,NA,NA,NA,NA,NA,NA,NA,NA,NA,0,NA,NA,NA
77,0,0,0,0,2,play,NA,1686051558,1686051594,5297a079365c73125d6b05854bb3f14f40274166,178.224.11,51.7731#4.6752,0,NA,NA,1,NA,NA,NA,NA,NA,NA,NA,NA,NA,NA,NA,NA,NA,NA,NA,NA,NA,NA,NA,NA,0,NA,NA,NA
78,0,0,0,0,12,end,0,1686052236,1686052246,5297a079365c73125d6b05854bb3f14f31468735,178.224.11,51.7731#4.6752,0,NA,NA,1,NA,NA,NA,NA,NA,NA,NA,NA,NA,NA,NA,NA,NA,NA,NA,NA,NA,NA,NA,NA,0,NA,NA,NA
79,0,0,0,0,1,welcome,NA,1686052111,1686052130,d13620b008fbed96888fd21bde64144f31862691,31.186.166,53.2066#5.7697,0,NA,NA,1,NA,NA,NA,NA,NA,NA,NA,NA,NA,NA,NA,NA,NA,NA,NA,NA,NA,NA,NA,NA,0,NA,NA,NA
80,0,0,0,0,12,end,0,1686054311,1686054321,bce49d7bcf8f51b6be7ad12debb4bffc84037643,178.226.87,52.9405#6.6016,0,NA,NA,1,NA,NA,NA,NA,NA,NA,NA,NA,NA,NA,NA,NA,NA,NA,NA,NA,NA,NA,NA,NA,0,NA,NA,NA
81,0,0,0,0,12,end,0,1686054652,1686054665,5297a079365c73125d6b05854bb3f14f16311750,178.224.11,51.7731#4.6752,0,NA,NA,1,NA,NA,NA,NA,NA,NA,NA,NA,NA,NA,NA,NA,NA,NA,NA,NA,NA,NA,NA,NA,0,NA,NA,NA
82,0,0,0,0,12,end,0,1686054355,1686054395,5e2b1ee519084e5caa59328645b8825856546162,178.224.10,50.9033#5.8829,0,NA,NA,1,NA,NA,NA,NA,NA,NA,NA,NA,NA,NA,NA,NA,NA,NA,NA,NA,NA,NA,NA,NA,0,NA,NA,NA
83,0,0,0,0,10,play,0,1686054183,1686054370,bce49d7bcf8f51b6be7ad12debb4bffc81858624,178.226.87,52.9405#6.6016,0,NA,NA,1,NA,NA,NA,NA,NA,NA,NA,NA,NA,NA,NA,NA,NA,NA,NA,NA,NA,NA,NA,NA,0,NA,NA,NA
84,0,0,0,0,12,end,0,1686054367,1686054390,5e2b1ee519084e5caa59328645b8825815280979,178.224.10,50.9033#5.8829,0,NA,NA,1,NA,NA,NA,NA,NA,NA,NA,NA,NA,NA,NA,NA,NA,NA,NA,NA,NA,NA,NA,NA,0,NA,NA,NA
85,0,0,0,0,12,end,0,1686054402,1686054427,5297a079365c73125d6b05854bb3f14f17452494,178.224.11,51.7731#4.6752,0,NA,NA,1,NA,NA,NA,NA,NA,NA,NA,NA,NA,NA,NA,NA,NA,NA,NA,NA,NA,NA,NA,NA,0,NA,NA,NA
86,0,0,0,0,12,end,0,1686054515,1686054529,5297a079365c73125d6b05854bb3f14f71377375,178.224.11,51.7731#4.6752,0,NA,NA,1,NA,NA,NA,NA,NA,NA,NA,NA,NA,NA,NA,NA,NA,NA,NA,NA,NA,NA,NA,NA,0,NA,NA,NA
87,0,0,0,0,12,end,0,1686054501,1686054763,5e2b1ee519084e5caa59328645b8825892326033,178.224.10,50.9033#5.8829,0,NA,NA,1,NA,NA,NA,NA,NA,NA,NA,NA,NA,NA,NA,NA,NA,NA,NA,NA,NA,NA,NA,NA,0,NA,NA,NA
88,0,0,0,0,12,end,0,1686054617,1686054657,5297a079365c73125d6b05854bb3f14f65131593,178.224.11,51.7731#4.6752,0,NA,NA,1,NA,NA,NA,NA,NA,NA,NA,NA,NA,NA,NA,NA,NA,NA,NA,NA,NA,NA,NA,NA,0,NA,NA,NA
89,0,0,0,0,12,end,0,1686054624,1686054667,bce49d7bcf8f51b6be7ad12debb4bffc65275528,178.226.87,52.9405#6.6016,0,NA,NA,1,NA,NA,NA,NA,NA,NA,NA,NA,NA,NA,NA,NA,NA,NA,NA,NA,NA,NA,NA,NA,0,NA,NA,NA
90,0,0,0,0,12,end,0,1686054686,1686054704,5e2b1ee519084e5caa59328645b8825873205526,178.224.10,50.9033#5.8829,0,NA,NA,1,NA,NA,NA,NA,NA,NA,NA,NA,NA,NA,NA,NA,NA,NA,NA,NA,NA,NA,NA,NA,0,NA,NA,NA
91,0,0,0,0,12,end,0,1686054843,1686054853,5297a079365c73125d6b05854bb3f14f24072557,178.224.11,51.7731#4.6752,0,NA,NA,1,NA,NA,NA,NA,NA,NA,NA,NA,NA,NA,NA,NA,NA,NA,NA,NA,NA,NA,NA,NA,0,NA,NA,NA
92,0,0,0,0,12,end,0,1686055151,1686055176,5297a079365c73125d6b05854bb3f14f59074227,178.224.11,51.7731#4.6752,0,NA,NA,1,NA,NA,NA,NA,NA,NA,NA,NA,NA,NA,NA,NA,NA,NA,NA,NA,NA,NA,NA,NA,0,NA,NA,NA
93,0,0,0,0,12,end,0,1686054616,1686054638,5297a079365c73125d6b05854bb3f14f47070275,178.224.11,51.7731#4.6752,0,NA,NA,1,NA,NA,NA,NA,NA,NA,NA,NA,NA,NA,NA,NA,NA,NA,NA,NA,NA,NA,NA,NA,0,NA,NA,NA
94,0,0,0,0,1,quiz,0,1686053901,1686053908,5297a079365c73125d6b05854bb3f14f28218515,178.224.11,51.7731#4.6752,0,NA,NA,1,NA,NA,NA,NA,NA,NA,NA,NA,NA,NA,NA,NA,NA,NA,NA,NA,NA,NA,NA,NA,0,NA,NA,NA
95,0,0,0,0,12,end,0,1686054772,1686054792,5297a079365c73125d6b05854bb3f14f16480867,178.224.11,51.7731#4.6752,0,NA,NA,1,NA,NA,NA,NA,NA,NA,NA,NA,NA,NA,NA,NA,NA,NA,NA,NA,NA,NA,NA,NA,0,NA,NA,NA
96,0,0,0,0,12,end,0,1686054608,1686054629,5297a079365c73125d6b05854bb3f14f18617582,178.224.11,51.7731#4.6752,0,NA,NA,1,NA,NA,NA,NA,NA,NA,NA,NA,NA,NA,NA,NA,NA,NA,NA,NA,NA,NA,NA,NA,0,NA,NA,NA
97,0,0,0,0,12,end,0,1686055047,1686055078,5e2b1ee519084e5caa59328645b8825852722848,178.224.10,50.9033#5.8829,0,NA,NA,1,NA,NA,NA,NA,NA,NA,NA,NA,NA,NA,NA,NA,NA,NA,NA,NA,NA,NA,NA,NA,0,NA,NA,NA
98,0,0,0,0,12,end,0,1686054880,1686054906,bce49d7bcf8f51b6be7ad12debb4bffc64507007,178.226.87,52.9405#6.6016,0,NA,NA,1,NA,NA,NA,NA,NA,NA,NA,NA,NA,NA,NA,NA,NA,NA,NA,NA,NA,NA,NA,NA,0,NA,NA,NA
99,0,0,0,0,12,end,0,1686054893,1686054921,5e2b1ee519084e5caa59328645b8825843255269,178.224.10,50.9033#5.8829,0,NA,NA,1,NA,NA,NA,NA,NA,NA,NA,NA,NA,NA,NA,NA,NA,NA,NA,NA,NA,NA,NA,NA,0,NA,NA,NA
100,0,0,0,0,12,end,0,1686054772,1686054794,5297a079365c73125d6b05854bb3f14f23028518,178.224.11,51.7731#4.6752,0,NA,NA,1,NA,NA,NA,NA,NA,NA,NA,NA,NA,NA,NA,NA,NA,NA,NA,NA,NA,NA,NA,NA,0,NA,NA,NA
101,0,0,0,0,12,end,0,1686054799,1686054812,5e2b1ee519084e5caa59328645b8825834970073,178.224.10,50.9033#5.8829,0,NA,NA,1,NA,NA,NA,NA,NA,NA,NA,NA,NA,NA,NA,NA,NA,NA,NA,NA,NA,NA,NA,NA,0,NA,NA,NA
102,0,0,0,0,12,end,0,1686055328,1686055354,5e2b1ee519084e5caa59328645b8825858430443,178.224.10,50.9033#5.8829,0,NA,NA,1,NA,NA,NA,NA,NA,NA,NA,NA,NA,NA,NA,NA,NA,NA,NA,NA,NA,NA,NA,NA,0,NA,NA,NA
103,0,0,0,0,12,end,0,1686055444,1686055474,5297a079365c73125d6b05854bb3f14f99458690,178.224.11,51.7731#4.6752,0,NA,NA,1,NA,NA,NA,NA,NA,NA,NA,NA,NA,NA,NA,NA,NA,NA,NA,NA,NA,NA,NA,NA,0,NA,NA,NA
104,0,0,0,0,12,end,0,1686055006,1686056142,bce49d7bcf8f51b6be7ad12debb4bffc47173958,178.226.87,52.9405#6.6016,0,NA,NA,1,NA,NA,NA,NA,NA,NA,NA,NA,NA,NA,NA,NA,NA,NA,NA,NA,NA,NA,NA,NA,0,NA,NA,NA
105,0,0,0,0,12,end,0,1686054854,1686054876,5297a079365c73125d6b05854bb3f14f12435536,178.224.11,51.7731#4.6752,0,NA,NA,1,NA,NA,NA,NA,NA,NA,NA,NA,NA,NA,NA,NA,NA,NA,NA,NA,NA,NA,NA,NA,0,NA,NA,NA
106,0,0,0,0,12,end,0,1686054820,1686054827,bce49d7bcf8f51b6be7ad12debb4bffc49961026,178.226.87,52.9405#6.6016,0,NA,NA,1,NA,NA,NA,NA,NA,NA,NA,NA,NA,NA,NA,NA,NA,NA,NA,NA,NA,NA,NA,NA,0,NA,NA,NA
107,0,0,0,0,12,end,0,1686054891,1686054898,5297a079365c73125d6b05854bb3f14f93716575,178.224.11,51.7731#4.6752,0,NA,NA,1,NA,NA,NA,NA,NA,NA,NA,NA,NA,NA,NA,NA,NA,NA,NA,NA,NA,NA,NA,NA,0,NA,NA,NA
108,0,0,0,0,12,end,0,1686054673,1686054696,c668bb99e1be87eb40b48fc7a3ace20f89311289,145.102.24,52.3782#4.853,0,NA,NA,1,NA,NA,NA,NA,NA,NA,NA,NA,NA,NA,NA,NA,NA,NA,NA,NA,NA,NA,NA,NA,0,NA,NA,NA
109,0,0,0,0,12,end,0,1686054963,1686054979,5297a079365c73125d6b05854bb3f14f38421215,178.224.11,51.7731#4.6752,0,NA,NA,1,NA,NA,NA,NA,NA,NA,NA,NA,NA,NA,NA,NA,NA,NA,NA,NA,NA,NA,NA,NA,0,NA,NA,NA
110,0,0,0,0,1,play,0,1686054452,1686054567,bce49d7bcf8f51b6be7ad12debb4bffc95497462,178.226.87,52.9405#6.6016,0,NA,NA,1,NA,NA,NA,NA,NA,NA,NA,NA,NA,NA,NA,NA,NA,NA,NA,NA,NA,NA,NA,NA,0,NA,NA,NA
111,0,0,0,0,1,Questionnaire,0,1686054989,1686055020,5297a079365c73125d6b05854bb3f14f64845060,178.224.11,51.7731#4.6752,0,NA,NA,1,NA,NA,NA,NA,NA,NA,NA,NA,NA,NA,NA,NA,NA,NA,NA,NA,NA,NA,NA,NA,0,NA,NA,NA
112,0,0,0,0,1,Questionnaire,0,1686069058,1686070801,7cf12770c5d242550a774ead7e85974851216193,145.109.12,52.3824#4.8995,0,NA,NA,1,NA,NA,NA,NA,NA,NA,NA,NA,NA,NA,NA,NA,NA,NA,NA,NA,NA,NA,NA,NA,0,NA,NA,NA
113,0,0,0,0,12,end,0,1686123885,1686123901,64eb1641ac7df3889720feb420c891b480961855,178.228.10,52.082#4.4016,0,NA,NA,1,NA,NA,NA,NA,NA,NA,NA,NA,NA,NA,NA,NA,NA,NA,NA,NA,NA,NA,NA,NA,0,NA,NA,NA
114,0,0,0,0,12,end,0,1686123910,1686123932,4f7e8e9cb26bb4471b5322c9fef5546a84679442,178.228.15,51.6427#4.5961,0,NA,NA,1,NA,NA,NA,NA,NA,NA,NA,NA,NA,NA,NA,NA,NA,NA,NA,NA,NA,NA,NA,NA,0,NA,NA,NA
115,0,0,0,0,12,end,0,1686123926,1686123944,bf00cd4d30d51916fd1c030953f4a8b778561991,178.224.16,51.6551#4.4062,0,NA,NA,1,NA,NA,NA,NA,NA,NA,NA,NA,NA,NA,NA,NA,NA,NA,NA,NA,NA,NA,NA,NA,0,NA,NA,NA
116,0,0,0,0,12,end,0,1686123945,1686123958,64eb1641ac7df3889720feb420c891b472664363,178.228.10,52.082#4.4016,0,NA,NA,1,NA,NA,NA,NA,NA,NA,NA,NA,NA,NA,NA,NA,NA,NA,NA,NA,NA,NA,NA,NA,0,NA,NA,NA
117,0,0,0,0,1,iend,NA,1686123142,1686123148,64eb1641ac7df3889720feb420c891b494864568,178.228.10,52.082#4.4016,0,NA,NA,1,NA,NA,NA,NA,NA,NA,NA,NA,NA,NA,NA,NA,NA,NA,NA,NA,NA,NA,NA,NA,0,NA,NA,NA
118,0,0,0,0,12,end,0,1686124193,1686124200,64eb1641ac7df3889720feb420c891b475720177,178.228.10,52.082#4.4016,0,NA,NA,1,NA,NA,NA,NA,NA,NA,NA,NA,NA,NA,NA,NA,NA,NA,NA,NA,NA,NA,NA,NA,0,NA,NA,NA
119,0,0,0,0,12,end,0,1686124055,1686124597,bf00cd4d30d51916fd1c030953f4a8b789508559,178.224.16,51.6551#4.4062,0,NA,NA,1,NA,NA,NA,NA,NA,NA,NA,NA,NA,NA,NA,NA,NA,NA,NA,NA,NA,NA,NA,NA,0,NA,NA,NA
120,0,0,0,0,12,end,0,1686123959,1686123965,bf00cd4d30d51916fd1c030953f4a8b750757879,178.224.16,51.6551#4.4062,0,NA,NA,1,NA,NA,NA,NA,NA,NA,NA,NA,NA,NA,NA,NA,NA,NA,NA,NA,NA,NA,NA,NA,0,NA,NA,NA
121,0,0,0,0,12,end,0,1686123839,1686123845,bf00cd4d30d51916fd1c030953f4a8b791478551,178.224.16,51.6551#4.4062,0,NA,NA,1,NA,NA,NA,NA,NA,NA,NA,NA,NA,NA,NA,NA,NA,NA,NA,NA,NA,NA,NA,NA,0,NA,NA,NA
122,0,0,0,0,12,end,0,1686124153,1686124163,64eb1641ac7df3889720feb420c891b415018503,178.228.10,52.082#4.4016,0,NA,NA,1,NA,NA,NA,NA,NA,NA,NA,NA,NA,NA,NA,NA,NA,NA,NA,NA,NA,NA,NA,NA,0,NA,NA,NA
123,0,0,0,0,0,NA,NA,0,0,a041868685dcfcc339fe7b8e2d4b4f2b48261357,89.205.128,52.3795#4.8777,0,NA,NA,NA,NA,NA,NA,NA,NA,NA,NA,NA,NA,NA,NA,NA,NA,NA,NA,NA,NA,NA,NA,NA,NA,NA,NA,NA
124,0,0,0,0,0,NA,NA,0,0,bf00cd4d30d51916fd1c030953f4a8b759358043,178.224.16,51.6551#4.4062,0,NA,NA,NA,NA,NA,NA,NA,NA,NA,NA,NA,NA,NA,NA,NA,NA,NA,NA,NA,NA,NA,NA,NA,NA,NA,NA,NA
125,0,0,0,0,0,NA,NA,0,0,bf00cd4d30d51916fd1c030953f4a8b745238497,178.224.16,51.6551#4.4062,0,NA,NA,NA,NA,NA,NA,NA,NA,NA,NA,NA,NA,NA,NA,NA,NA,NA,NA,NA,NA,NA,NA,NA,NA,NA,NA,NA
126,0,0,0,0,0,NA,NA,0,0,bf00cd4d30d51916fd1c030953f4a8b767475301,178.224.16,51.6551#4.4062,0,NA,NA,NA,NA,NA,NA,NA,NA,NA,NA,NA,NA,NA,NA,NA,NA,NA,NA,NA,NA,NA,NA,NA,NA,NA,NA,NA
127,0,0,0,0,0,NA,NA,0,0,4f7e8e9cb26bb4471b5322c9fef5546a91719155,178.228.15,51.6427#4.5961,0,NA,NA,NA,NA,NA,NA,NA,NA,NA,NA,NA,NA,NA,NA,NA,NA,NA,NA,NA,NA,NA,NA,NA,NA,NA,NA,NA
128,0,0,0,0,0,NA,NA,0,0,64eb1641ac7df3889720feb420c891b489580381,178.228.10,52.082#4.4016,0,NA,NA,NA,NA,NA,NA,NA,NA,NA,NA,NA,NA,NA,NA,NA,NA,NA,NA,NA,NA,NA,NA,NA,NA,NA,NA,NA
129,0,0,0,0,0,NA,NA,0,0,64eb1641ac7df3889720feb420c891b497148572,178.228.10,52.082#4.4016,0,NA,NA,NA,NA,NA,NA,NA,NA,NA,NA,NA,NA,NA,NA,NA,NA,NA,NA,NA,NA,NA,NA,NA,NA,NA,NA,NA
130,0,0,0,0,4,play,0,1686128591,1686129005,64eb1641ac7df3889720feb420c891b437694401,178.228.10,52.082#4.4016,0,NA,NA,1,NA,NA,NA,NA,NA,NA,NA,NA,NA,NA,NA,NA,NA,NA,NA,NA,NA,NA,NA,NA,0,NA,NA,NA
131,0,0,0,0,12,end,0,1686130652,1686130668,bf00cd4d30d51916fd1c030953f4a8b725768525,178.224.16,51.6551#4.4062,0,NA,NA,1,NA,NA,NA,NA,NA,NA,NA,NA,NA,NA,NA,NA,NA,NA,NA,NA,NA,NA,NA,NA,0,NA,NA,NA
132,0,0,0,0,12,end,0,1686130587,1686130611,64eb1641ac7df3889720feb420c891b455572427,178.228.10,52.082#4.4016,0,NA,NA,1,NA,NA,NA,NA,NA,NA,NA,NA,NA,NA,NA,NA,NA,NA,NA,NA,NA,NA,NA,NA,0,NA,NA,NA
133,0,0,0,0,12,end,NA,1686130733,1686130751,64eb1641ac7df3889720feb420c891b457155155,178.228.10,52.082#4.4016,0,NA,NA,1,NA,NA,NA,NA,NA,NA,NA,NA,NA,NA,NA,NA,NA,NA,NA,NA,NA,NA,NA,NA,0,NA,NA,NA
134,0,0,0,0,12,end,NA,1686130756,1686130784,4f7e8e9cb26bb4471b5322c9fef5546a11670670,178.228.15,51.6427#4.5961,0,NA,NA,1,NA,NA,NA,NA,NA,NA,NA,NA,NA,NA,NA,NA,NA,NA,NA,NA,NA,NA,NA,NA,0,NA,NA,NA
135,0,0,0,0,12,end,NA,1686130619,1686130639,64eb1641ac7df3889720feb420c891b468241122,178.228.10,52.082#4.4016,0,NA,NA,1,NA,NA,NA,NA,NA,NA,NA,NA,NA,NA,NA,NA,NA,NA,NA,NA,NA,NA,NA,NA,0,NA,NA,NA
136,0,0,0,0,12,end,NA,1686130757,1686130770,64eb1641ac7df3889720feb420c891b447592765,178.228.10,52.082#4.4016,0,NA,NA,1,NA,NA,NA,NA,NA,NA,NA,NA,NA,NA,NA,NA,NA,NA,NA,NA,NA,NA,NA,NA,0,NA,NA,NA
137,0,0,0,0,12,end,NA,1686131004,1686131047,bf00cd4d30d51916fd1c030953f4a8b727953230,178.224.16,51.6551#4.4062,0,NA,NA,1,NA,NA,NA,NA,NA,NA,NA,NA,NA,NA,NA,NA,NA,NA,NA,NA,NA,NA,NA,NA,0,NA,NA,NA
138,0,0,0,0,12,end,NA,1686131280,1686131297,64eb1641ac7df3889720feb420c891b417884600,178.228.10,52.082#4.4016,0,NA,NA,1,NA,NA,NA,NA,NA,NA,NA,NA,NA,NA,NA,NA,NA,NA,NA,NA,NA,NA,NA,NA,0,NA,NA,NA
139,0,0,0,0,12,end,NA,1686130774,1686130789,bf00cd4d30d51916fd1c030953f4a8b764077057,178.224.16,51.6551#4.4062,0,NA,NA,1,NA,NA,NA,NA,NA,NA,NA,NA,NA,NA,NA,NA,NA,NA,NA,NA,NA,NA,NA,NA,0,NA,NA,NA
140,0,0,0,0,12,end,NA,1686130699,1686130729,4f7e8e9cb26bb4471b5322c9fef5546a90443050,178.228.15,51.6427#4.5961,0,NA,NA,1,NA,NA,NA,NA,NA,NA,NA,NA,NA,NA,NA,NA,NA,NA,NA,NA,NA,NA,NA,NA,0,NA,NA,NA
141,0,0,0,0,12,end,NA,1686130873,1686130888,bf00cd4d30d51916fd1c030953f4a8b753775594,178.224.16,51.6551#4.4062,0,NA,NA,1,NA,NA,NA,NA,NA,NA,NA,NA,NA,NA,NA,NA,NA,NA,NA,NA,NA,NA,NA,NA,0,NA,NA,NA
142,0,0,0,0,12,end,NA,1686130931,1686130947,4f7e8e9cb26bb4471b5322c9fef5546a24848514,178.228.15,51.6427#4.5961,0,NA,NA,1,NA,NA,NA,NA,NA,NA,NA,NA,NA,NA,NA,NA,NA,NA,NA,NA,NA,NA,NA,NA,0,NA,NA,NA
143,0,0,0,0,12,end,NA,1686131017,1686131026,64eb1641ac7df3889720feb420c891b459770482,178.228.10,52.082#4.4016,0,NA,NA,1,NA,NA,NA,NA,NA,NA,NA,NA,NA,NA,NA,NA,NA,NA,NA,NA,NA,NA,NA,NA,0,NA,NA,NA
144,0,0,0,0,12,end,NA,1686130851,1686130879,64eb1641ac7df3889720feb420c891b489704892,178.228.10,52.082#4.4016,0,NA,NA,1,NA,NA,NA,NA,NA,NA,NA,NA,NA,NA,NA,NA,NA,NA,NA,NA,NA,NA,NA,NA,0,NA,NA,NA
145,0,0,0,0,12,end,NA,1686131110,1686131120,64eb1641ac7df3889720feb420c891b477139535,178.228.10,52.082#4.4016,0,NA,NA,1,NA,NA,NA,NA,NA,NA,NA,NA,NA,NA,NA,NA,NA,NA,NA,NA,NA,NA,NA,NA,0,NA,NA,NA
146,0,0,0,0,12,end,NA,1686131040,1686131134,64eb1641ac7df3889720feb420c891b445337870,178.228.10,52.082#4.4016,0,NA,NA,1,NA,NA,NA,NA,NA,NA,NA,NA,NA,NA,NA,NA,NA,NA,NA,NA,NA,NA,NA,NA,0,NA,NA,NA
147,0,0,0,0,12,end,NA,1686131447,1686131461,bf00cd4d30d51916fd1c030953f4a8b729212347,178.224.16,51.6551#4.4062,0,NA,NA,1,NA,NA,NA,NA,NA,NA,NA,NA,NA,NA,NA,NA,NA,NA,NA,NA,NA,NA,NA,NA,0,NA,NA,NA
148,0,0,0,0,12,end,NA,1686133292,1686133301,bf00cd4d30d51916fd1c030953f4a8b737197953,178.224.16,51.6551#4.4062,0,NA,NA,1,NA,NA,NA,NA,NA,NA,NA,NA,NA,NA,NA,NA,NA,NA,NA,NA,NA,NA,NA,NA,0,NA,NA,NA
149,0,0,0,0,12,end,NA,1686133363,1686133378,64eb1641ac7df3889720feb420c891b467181493,178.228.10,52.082#4.4016,0,NA,NA,1,NA,NA,NA,NA,NA,NA,NA,NA,NA,NA,NA,NA,NA,NA,NA,NA,NA,NA,NA,NA,0,NA,NA,NA
150,0,0,0,0,12,end,NA,1686133302,1686133321,4f7e8e9cb26bb4471b5322c9fef5546a15866258,178.228.15,51.6427#4.5961,0,NA,NA,1,NA,NA,NA,NA,NA,NA,NA,NA,NA,NA,NA,NA,NA,NA,NA,NA,NA,NA,NA,NA,0,NA,NA,NA
151,0,0,0,0,12,end,NA,1686133343,1686133356,64eb1641ac7df3889720feb420c891b419662152,178.228.10,52.082#4.4016,0,NA,NA,1,NA,NA,NA,NA,NA,NA,NA,NA,NA,NA,NA,NA,NA,NA,NA,NA,NA,NA,NA,NA,0,NA,NA,NA
152,0,0,0,0,12,end,NA,1686133393,1686133405,64eb1641ac7df3889720feb420c891b452439155,178.228.10,52.082#4.4016,0,NA,NA,1,NA,NA,NA,NA,NA,NA,NA,NA,NA,NA,NA,NA,NA,NA,NA,NA,NA,NA,NA,NA,0,NA,NA,NA
153,0,0,0,0,12,end,NA,1686133304,1686133317,64eb1641ac7df3889720feb420c891b443011735,178.228.10,52.082#4.4016,0,NA,NA,1,NA,NA,NA,NA,NA,NA,NA,NA,NA,NA,NA,NA,NA,NA,NA,NA,NA,NA,NA,NA,0,NA,NA,NA
154,0,0,0,0,12,end,NA,1686133445,1686133455,64eb1641ac7df3889720feb420c891b490939935,178.228.10,52.082#4.4016,0,NA,NA,1,NA,NA,NA,NA,NA,NA,NA,NA,NA,NA,NA,NA,NA,NA,NA,NA,NA,NA,NA,NA,0,NA,NA,NA
155,0,0,0,0,12,end,NA,1686133432,1686133553,bf00cd4d30d51916fd1c030953f4a8b713881060,178.224.16,51.6551#4.4062,0,NA,NA,1,NA,NA,NA,NA,NA,NA,NA,NA,NA,NA,NA,NA,NA,NA,NA,NA,NA,NA,NA,NA,0,NA,NA,NA
156,0,0,0,0,12,end,NA,1686133489,1686133505,4f7e8e9cb26bb4471b5322c9fef5546a72772404,178.228.15,51.6427#4.5961,0,NA,NA,1,NA,NA,NA,NA,NA,NA,NA,NA,NA,NA,NA,NA,NA,NA,NA,NA,NA,NA,NA,NA,0,NA,NA,NA
157,0,0,0,0,12,end,NA,1686133481,1686133500,64eb1641ac7df3889720feb420c891b453658832,178.228.10,52.082#4.4016,0,NA,NA,1,NA,NA,NA,NA,NA,NA,NA,NA,NA,NA,NA,NA,NA,NA,NA,NA,NA,NA,NA,NA,0,NA,NA,NA
158,0,0,0,0,12,end,NA,1686133531,1686133544,4f7e8e9cb26bb4471b5322c9fef5546a52829062,178.228.15,51.6427#4.5961,0,NA,NA,1,NA,NA,NA,NA,NA,NA,NA,NA,NA,NA,NA,NA,NA,NA,NA,NA,NA,NA,NA,NA,0,NA,NA,NA
159,0,0,0,0,12,end,NA,1686133735,1686133751,64eb1641ac7df3889720feb420c891b456675621,178.228.10,52.082#4.4016,0,NA,NA,1,NA,NA,NA,NA,NA,NA,NA,NA,NA,NA,NA,NA,NA,NA,NA,NA,NA,NA,NA,NA,0,NA,NA,NA
160,0,0,0,0,12,end,0,1686141157,1686141163,bf00cd4d30d51916fd1c030953f4a8b769243752,178.224.16,51.6551#4.4062,0,NA,NA,1,NA,NA,NA,NA,NA,NA,NA,NA,NA,NA,NA,NA,NA,NA,NA,NA,NA,NA,NA,NA,0,NA,NA,NA
161,0,0,0,0,4,play,0,1686140196,1686140411,4f7e8e9cb26bb4471b5322c9fef5546a72305086,178.228.15,51.6427#4.5961,0,NA,NA,1,NA,NA,NA,NA,NA,NA,NA,NA,NA,NA,NA,NA,NA,NA,NA,NA,NA,NA,NA,NA,0,NA,NA,NA
162,0,0,0,0,12,end,0,1686141135,1686141159,64eb1641ac7df3889720feb420c891b410930920,178.228.10,52.082#4.4016,0,NA,NA,1,NA,NA,NA,NA,NA,NA,NA,NA,NA,NA,NA,NA,NA,NA,NA,NA,NA,NA,NA,NA,0,NA,NA,NA
163,0,0,0,0,8,end,0,1686140658,1686140703,64eb1641ac7df3889720feb420c891b471245558,178.228.10,52.082#4.4016,0,NA,NA,1,NA,NA,NA,NA,NA,NA,NA,NA,NA,NA,NA,NA,NA,NA,NA,NA,NA,NA,NA,NA,0,NA,NA,NA
164,0,0,0,0,3,play,0,1686140383,1686140493,bf00cd4d30d51916fd1c030953f4a8b784825158,178.224.16,51.6551#4.4062,0,NA,NA,1,NA,NA,NA,NA,NA,NA,NA,NA,NA,NA,NA,NA,NA,NA,NA,NA,NA,NA,NA,NA,0,NA,NA,NA
165,0,0,0,0,12,end,0,1686141174,1686141186,4f7e8e9cb26bb4471b5322c9fef5546a16535071,178.228.15,51.6427#4.5961,0,NA,NA,1,NA,NA,NA,NA,NA,NA,NA,NA,NA,NA,NA,NA,NA,NA,NA,NA,NA,NA,NA,NA,0,NA,NA,NA
166,0,0,0,0,12,end,0,1686140963,1686140982,bf00cd4d30d51916fd1c030953f4a8b772342015,178.224.16,51.6551#4.4062,0,NA,NA,1,NA,NA,NA,NA,NA,NA,NA,NA,NA,NA,NA,NA,NA,NA,NA,NA,NA,NA,NA,NA,0,NA,NA,NA
167,0,0,0,0,12,end,0,1686141298,1686141359,bf00cd4d30d51916fd1c030953f4a8b738808184,178.224.16,51.6551#4.4062,0,NA,NA,1,NA,NA,NA,NA,NA,NA,NA,NA,NA,NA,NA,NA,NA,NA,NA,NA,NA,NA,NA,NA,0,NA,NA,NA
168,0,0,0,0,12,end,0,1686141262,1686141281,bf00cd4d30d51916fd1c030953f4a8b746065391,178.224.16,51.6551#4.4062,0,NA,NA,1,NA,NA,NA,NA,NA,NA,NA,NA,NA,NA,NA,NA,NA,NA,NA,NA,NA,NA,NA,NA,0,NA,NA,NA
169,0,0,0,0,12,end,0,1686141195,1686141211,64eb1641ac7df3889720feb420c891b498289778,178.228.10,52.082#4.4016,0,NA,NA,1,NA,NA,NA,NA,NA,NA,NA,NA,NA,NA,NA,NA,NA,NA,NA,NA,NA,NA,NA,NA,0,NA,NA,NA
170,0,0,0,0,12,end,0,1686141391,1686141426,bf00cd4d30d51916fd1c030953f4a8b754809173,178.224.16,51.6551#4.4062,0,NA,NA,1,NA,NA,NA,NA,NA,NA,NA,NA,NA,NA,NA,NA,NA,NA,NA,NA,NA,NA,NA,NA,0,NA,NA,NA
171,0,0,0,0,12,end,0,1686141260,1686141276,64eb1641ac7df3889720feb420c891b411181876,178.228.10,52.082#4.4016,0,NA,NA,1,NA,NA,NA,NA,NA,NA,NA,NA,NA,NA,NA,NA,NA,NA,NA,NA,NA,NA,NA,NA,0,NA,NA,NA
172,0,0,0,0,12,end,0,1686140976,1686140992,bf00cd4d30d51916fd1c030953f4a8b756042776,178.224.16,51.6551#4.4062,0,NA,NA,1,NA,NA,NA,NA,NA,NA,NA,NA,NA,NA,NA,NA,NA,NA,NA,NA,NA,NA,NA,NA,0,NA,NA,NA
173,0,0,0,0,12,end,0,1686141011,1686141024,4f7e8e9cb26bb4471b5322c9fef5546a77793052,178.228.15,51.6427#4.5961,0,NA,NA,1,NA,NA,NA,NA,NA,NA,NA,NA,NA,NA,NA,NA,NA,NA,NA,NA,NA,NA,NA,NA,0,NA,NA,NA
174,0,0,0,0,12,end,0,1686141144,1686141172,4f7e8e9cb26bb4471b5322c9fef5546a20238298,178.228.15,51.6427#4.5961,0,NA,NA,1,NA,NA,NA,NA,NA,NA,NA,NA,NA,NA,NA,NA,NA,NA,NA,NA,NA,NA,NA,NA,0,NA,NA,NA
175,0,0,0,0,12,end,0,1686141238,1686141368,4f7e8e9cb26bb4471b5322c9fef5546a92194469,178.228.15,51.6427#4.5961,0,NA,NA,1,NA,NA,NA,NA,NA,NA,NA,NA,NA,NA,NA,NA,NA,NA,NA,NA,NA,NA,NA,NA,0,NA,NA,NA
176,0,0,0,0,12,end,0,1686141056,1686141072,64eb1641ac7df3889720feb420c891b448069913,178.228.10,52.082#4.4016,0,NA,NA,1,NA,NA,NA,NA,NA,NA,NA,NA,NA,NA,NA,NA,NA,NA,NA,NA,NA,NA,NA,NA,0,NA,NA,NA
177,0,0,0,0,12,end,0,1686140962,1686140978,64eb1641ac7df3889720feb420c891b437164086,178.228.10,52.082#4.4016,0,NA,NA,1,NA,NA,NA,NA,NA,NA,NA,NA,NA,NA,NA,NA,NA,NA,NA,NA,NA,NA,NA,NA,0,NA,NA,NA
178,0,0,0,0,12,end,0,1686141022,1686141104,64eb1641ac7df3889720feb420c891b464317684,178.228.10,52.082#4.4016,0,NA,NA,1,NA,NA,NA,NA,NA,NA,NA,NA,NA,NA,NA,NA,NA,NA,NA,NA,NA,NA,NA,NA,0,NA,NA,NA
179,0,0,0,0,12,end,0,1686141318,1686141358,bf00cd4d30d51916fd1c030953f4a8b782794099,178.224.16,51.6551#4.4062,0,NA,NA,1,NA,NA,NA,NA,NA,NA,NA,NA,NA,NA,NA,NA,NA,NA,NA,NA,NA,NA,NA,NA,0,NA,NA,NA
180,0,0,0,0,12,end,0,1686141303,1686141368,4f7e8e9cb26bb4471b5322c9fef5546a59536075,178.228.15,51.6427#4.5961,0,NA,NA,1,NA,NA,NA,NA,NA,NA,NA,NA,NA,NA,NA,NA,NA,NA,NA,NA,NA,NA,NA,NA,0,NA,NA,NA
181,0,0,0,0,12,end,0,1686141243,1686143916,64eb1641ac7df3889720feb420c891b410524583,178.228.10,52.082#4.4016,0,NA,NA,1,NA,NA,NA,NA,NA,NA,NA,NA,NA,NA,NA,NA,NA,NA,NA,NA,NA,NA,NA,NA,0,NA,NA,NA
182,0,0,0,0,12,end,0,1686141347,1686141384,64eb1641ac7df3889720feb420c891b492408253,178.228.10,52.082#4.4016,0,NA,NA,1,NA,NA,NA,NA,NA,NA,NA,NA,NA,NA,NA,NA,NA,NA,NA,NA,NA,NA,NA,NA,0,NA,NA,NA
183,0,0,0,0,12,end,0,1686141440,1686141461,64eb1641ac7df3889720feb420c891b457954898,178.228.10,52.082#4.4016,0,NA,NA,1,NA,NA,NA,NA,NA,NA,NA,NA,NA,NA,NA,NA,NA,NA,NA,NA,NA,NA,NA,NA,0,NA,NA,NA
184,0,0,0,0,12,end,0,1686141172,1686141182,4f7e8e9cb26bb4471b5322c9fef5546a49894727,178.228.15,51.6427#4.5961,0,NA,NA,1,NA,NA,NA,NA,NA,NA,NA,NA,NA,NA,NA,NA,NA,NA,NA,NA,NA,NA,NA,NA,0,NA,NA,NA
185,0,0,0,0,12,end,0,1686141237,1686141249,bf00cd4d30d51916fd1c030953f4a8b752800535,178.224.16,51.6551#4.4062,0,NA,NA,1,NA,NA,NA,NA,NA,NA,NA,NA,NA,NA,NA,NA,NA,NA,NA,NA,NA,NA,NA,NA,0,NA,NA,NA
186,0,0,0,0,12,end,NA,1686143615,1686143949,64eb1641ac7df3889720feb420c891b457103139,178.228.10,52.082#4.4016,0,NA,NA,1,NA,NA,NA,NA,NA,NA,NA,NA,NA,NA,NA,NA,NA,NA,NA,NA,NA,NA,NA,NA,0,NA,NA,NA
187,0,0,0,0,12,end,NA,1686143871,1686143883,64eb1641ac7df3889720feb420c891b485999136,178.228.10,52.082#4.4016,0,NA,NA,1,NA,NA,NA,NA,NA,NA,NA,NA,NA,NA,NA,NA,NA,NA,NA,NA,NA,NA,NA,NA,0,NA,NA,NA
188,0,0,0,0,12,end,NA,1686143775,1686143822,bf00cd4d30d51916fd1c030953f4a8b734912949,178.224.16,51.6551#4.4062,0,NA,NA,1,NA,NA,NA,NA,NA,NA,NA,NA,NA,NA,NA,NA,NA,NA,NA,NA,NA,NA,NA,NA,0,NA,NA,NA
189,0,0,0,0,12,end,NA,1686143827,1686143855,64eb1641ac7df3889720feb420c891b479906685,178.228.10,52.082#4.4016,0,NA,NA,1,NA,NA,NA,NA,NA,NA,NA,NA,NA,NA,NA,NA,NA,NA,NA,NA,NA,NA,NA,NA,0,NA,NA,NA
190,0,0,0,0,12,end,NA,1686144150,1686144163,bf00cd4d30d51916fd1c030953f4a8b758604685,178.224.16,51.6551#4.4062,0,NA,NA,1,NA,NA,NA,NA,NA,NA,NA,NA,NA,NA,NA,NA,NA,NA,NA,NA,NA,NA,NA,NA,0,NA,NA,NA
191,0,0,0,0,12,end,NA,1686144102,1686144123,4f7e8e9cb26bb4471b5322c9fef5546a94716698,178.228.15,51.6427#4.5961,0,NA,NA,1,NA,NA,NA,NA,NA,NA,NA,NA,NA,NA,NA,NA,NA,NA,NA,NA,NA,NA,NA,NA,0,NA,NA,NA
192,0,0,0,0,6,play,NA,1686143075,1686143340,64eb1641ac7df3889720feb420c891b457061876,178.228.10,52.082#4.4016,0,NA,NA,1,NA,NA,NA,NA,NA,NA,NA,NA,NA,NA,NA,NA,NA,NA,NA,NA,NA,NA,NA,NA,0,NA,NA,NA
193,0,0,0,0,12,end,NA,1686144013,1686144050,bf00cd4d30d51916fd1c030953f4a8b769326807,178.224.16,51.6551#4.4062,0,NA,NA,1,NA,NA,NA,NA,NA,NA,NA,NA,NA,NA,NA,NA,NA,NA,NA,NA,NA,NA,NA,NA,0,NA,NA,NA
194,0,0,0,0,12,end,NA,1686144342,1686144370,4f7e8e9cb26bb4471b5322c9fef5546a33032258,178.228.15,51.6427#4.5961,0,NA,NA,1,NA,NA,NA,NA,NA,NA,NA,NA,NA,NA,NA,NA,NA,NA,NA,NA,NA,NA,NA,NA,0,NA,NA,NA
195,0,0,0,0,3,play,NA,1686143226,1686143364,4f7e8e9cb26bb4471b5322c9fef5546a74936861,178.228.15,51.6427#4.5961,0,NA,NA,1,NA,NA,NA,NA,NA,NA,NA,NA,NA,NA,NA,NA,NA,NA,NA,NA,NA,NA,NA,NA,0,NA,NA,NA
196,0,0,0,0,12,end,NA,1686144055,1686144435,bf00cd4d30d51916fd1c030953f4a8b730682950,178.224.16,51.6551#4.4062,0,NA,NA,1,NA,NA,NA,NA,NA,NA,NA,NA,NA,NA,NA,NA,NA,NA,NA,NA,NA,NA,NA,NA,0,NA,NA,NA
197,0,0,0,0,12,end,NA,1686143989,1686143999,4f7e8e9cb26bb4471b5322c9fef5546a76224429,178.228.15,51.6427#4.5961,0,NA,NA,1,NA,NA,NA,NA,NA,NA,NA,NA,NA,NA,NA,NA,NA,NA,NA,NA,NA,NA,NA,NA,0,NA,NA,NA
198,0,0,0,0,12,end,NA,1686143883,1686143903,64eb1641ac7df3889720feb420c891b469796977,178.228.10,52.082#4.4016,0,NA,NA,1,NA,NA,NA,NA,NA,NA,NA,NA,NA,NA,NA,NA,NA,NA,NA,NA,NA,NA,NA,NA,0,NA,NA,NA
199,0,0,0,0,12,end,NA,1686144005,1686144039,64eb1641ac7df3889720feb420c891b489239873,178.228.10,52.082#4.4016,0,NA,NA,1,NA,NA,NA,NA,NA,NA,NA,NA,NA,NA,NA,NA,NA,NA,NA,NA,NA,NA,NA,NA,0,NA,NA,NA
200,0,0,0,0,12,end,NA,1686143816,1686143838,bf00cd4d30d51916fd1c030953f4a8b758829842,178.224.16,51.6551#4.4062,0,NA,NA,1,NA,NA,NA,NA,NA,NA,NA,NA,NA,NA,NA,NA,NA,NA,NA,NA,NA,NA,NA,NA,0,NA,NA,NA
201,0,0,0,0,12,end,NA,1686144012,1686144039,bf00cd4d30d51916fd1c030953f4a8b789823746,178.224.16,51.6551#4.4062,0,NA,NA,1,NA,NA,NA,NA,NA,NA,NA,NA,NA,NA,NA,NA,NA,NA,NA,NA,NA,NA,NA,NA,0,NA,NA,NA
202,0,0,0,0,2,end,NA,1686143360,1686143364,4f7e8e9cb26bb4471b5322c9fef5546a48796204,178.228.15,51.6427#4.5961,0,NA,NA,1,NA,NA,NA,NA,NA,NA,NA,NA,NA,NA,NA,NA,NA,NA,NA,NA,NA,NA,NA,NA,0,NA,NA,NA
203,0,0,0,0,12,end,NA,1686143994,1686144001,64eb1641ac7df3889720feb420c891b454109511,178.228.10,52.082#4.4016,0,NA,NA,1,NA,NA,NA,NA,NA,NA,NA,NA,NA,NA,NA,NA,NA,NA,NA,NA,NA,NA,NA,NA,0,NA,NA,NA
204,0,0,0,0,8,play,NA,1686143651,1686143742,64eb1641ac7df3889720feb420c891b486046465,178.228.10,52.082#4.4016,0,NA,NA,1,NA,NA,NA,NA,NA,NA,NA,NA,NA,NA,NA,NA,NA,NA,NA,NA,NA,NA,NA,NA,0,NA,NA,NA
205,0,0,0,0,12,end,NA,1686144052,1686144065,bf00cd4d30d51916fd1c030953f4a8b728404358,178.224.16,51.6551#4.4062,0,NA,NA,1,NA,NA,NA,NA,NA,NA,NA,NA,NA,NA,NA,NA,NA,NA,NA,NA,NA,NA,NA,NA,0,NA,NA,NA
206,0,0,0,0,12,end,NA,1686144013,1686144023,bf00cd4d30d51916fd1c030953f4a8b713263578,178.224.16,51.6551#4.4062,0,NA,NA,1,NA,NA,NA,NA,NA,NA,NA,NA,NA,NA,NA,NA,NA,NA,NA,NA,NA,NA,NA,NA,0,NA,NA,NA
207,0,0,0,0,3,play,NA,1686143271,1686143388,4f7e8e9cb26bb4471b5322c9fef5546a70237631,178.228.15,51.6427#4.5961,0,NA,NA,1,NA,NA,NA,NA,NA,NA,NA,NA,NA,NA,NA,NA,NA,NA,NA,NA,NA,NA,NA,NA,0,NA,NA,NA
208,0,0,0,0,12,end,NA,1686144320,1686144349,64eb1641ac7df3889720feb420c891b459832856,178.228.10,52.082#4.4016,0,NA,NA,1,NA,NA,NA,NA,NA,NA,NA,NA,NA,NA,NA,NA,NA,NA,NA,NA,NA,NA,NA,NA,0,NA,NA,NA
209,0,0,0,0,12,end,NA,1686144035,1686144055,64eb1641ac7df3889720feb420c891b437412278,178.228.10,52.082#4.4016,0,NA,NA,1,NA,NA,NA,NA,NA,NA,NA,NA,NA,NA,NA,NA,NA,NA,NA,NA,NA,NA,NA,NA,0,NA,NA,NA
210,0,0,0,0,12,end,NA,1686144102,1686144119,4f7e8e9cb26bb4471b5322c9fef5546a11532595,178.228.15,51.6427#4.5961,0,NA,NA,1,NA,NA,NA,NA,NA,NA,NA,NA,NA,NA,NA,NA,NA,NA,NA,NA,NA,NA,NA,NA,0,NA,NA,NA
211,0,0,0,0,12,end,NA,1686144300,1686144331,4f7e8e9cb26bb4471b5322c9fef5546a14413183,178.228.15,51.6427#4.5961,0,NA,NA,1,NA,NA,NA,NA,NA,NA,NA,NA,NA,NA,NA,NA,NA,NA,NA,NA,NA,NA,NA,NA,0,NA,NA,NA
212,0,0,0,0,1,iend,NA,1686143543,1686143620,4f7e8e9cb26bb4471b5322c9fef5546a33706446,178.228.15,51.6427#4.5961,0,NA,NA,1,NA,NA,NA,NA,NA,NA,NA,NA,NA,NA,NA,NA,NA,NA,NA,NA,NA,NA,NA,NA,0,NA,NA,NA
213,0,0,0,0,12,end,NA,1686144664,1686144677,bf00cd4d30d51916fd1c030953f4a8b741763127,178.224.16,51.6551#4.4062,0,NA,NA,1,NA,NA,NA,NA,NA,NA,NA,NA,NA,NA,NA,NA,NA,NA,NA,NA,NA,NA,NA,NA,0,NA,NA,NA
